iso_datum,quelle,modell,gegner,sims,n_spiele,winrate,avg_score,avg_score_gegner,avg_floor,avg_floor_gegner,zerozero_anteil
2026-07-23T15:47:34,sonstige_backfill,v12b_lr_best[shrink_off],v12_best,400,100,0.61,34.49,29.29,15.96,16.81,0.0
2026-07-23T15:47:34,sonstige_backfill,v12b_lr_best[shrink_on],v12_best,400,100,0.5,30.34,29.87,17.19,17.25,0.0
2026-07-25T08:17:53,paired_gating,v15_best,v15_f2k_best,400,400,0.56,35.36,32.763,15.005,16.532,0.0
2026-07-25T08:24:50,paired_gating,v15_best,v14b_best,400,150,0.6067,36.573,32.82,14.393,18.073,0.0
2026-07-25T08:30:53,arena_anchor,v15_best,Heuristik(s150),400,86,0.5233,39.151,38.337,11.186,15.674,0.0
2026-07-25T18:40:28,paired_gating,v16_best,v15_best,400,150,0.6067,36.367,31.567,13.467,17.58,0.0
2026-07-25T18:47:00,arena_anchor,v16_best,Heuristik(s150),400,47,0.6809,46.404,39.149,10.234,17.0,0.0
2026-07-25T20:09:11,paired_gating,v16_best,v14b_best,400,100,0.65,36.02,27.84,11.77,17.91,0.01
2026-07-26T19:43:24,paired_gating,v17_best,v16_best,400,400,0.5525,36.83,35.605,14.453,15.453,0.0
2026-07-27T00:28:12,paired_gating,v17_best,v16_best,400,750,0.556,37.64,35.959,14.159,15.653,0.0
2026-07-27T01:24:30,paired_gating,v17_lrfix_best,v17_best,400,400,0.5175,37.88,36.312,14.51,15.03,0.0
2026-07-27T01:57:21,paired_gating,v17_lrfix_best,v16_best,400,400,0.52,35.913,35.28,15.02,15.367,0.0
2026-07-27T02:04:12,arena_anchor,v17_lrfix_best,Heuristik(s150),400,33,0.7273,45.061,38.182,10.515,14.485,0.0
2026-07-27T02:46:08,arena_anchor,v17_best,Heuristik(s150),400,36,0.7222,47.056,36.861,9.25,16.889,0.0
2026-07-27T03:01:06,paired_gating,v17_best,v15_best,400,250,0.58,37.844,34.176,13.176,17.02,0.0
2026-07-28T23:42:05,paired_gating,v18_best,v16_best,400,250,0.6,39.82,35.008,13.764,15.552,0.0
2026-07-28T23:44:55,arena_anchor,v18_best,Heuristik(s150),400,31,0.7419,41.71,32.645,11.806,14.742,0.0
2026-07-29T03:14:18,paired_gating,v18_dist_best,v18_best,400,150,0.6133,41.293,37.527,14.373,14.747,0.0
2026-07-29T03:28:31,paired_gating,v18_dist_best,v18_best,400,300,0.5033,39.267,37.017,14.78,14.667,0.0
2026-07-30T00:51:59,arena_anchor,v18_best,Heuristik(s150),400,150,0.5867,44.733,40.087,10.967,15.127,0.0
2026-08-01T09:14:14,paired_gating,fs_2d_s2_best,fs_flat_s3_best,400,800,0.52,42.312,40.889,14.779,13.715,0.0
2026-08-01T19:19:40,paired_gating,voll_s3_best,halb_s3_best,400,800,0.5988,38.907,35.345,14.223,16.087,0.0
2026-08-02T02:30:13,paired_gating,v19_best,v18_best,400,150,0.64,43.933,37.96,12.713,16.293,0.0
2026-08-02T02:41:51,paired_gating,v19_2d_best,v19_best,400,100,0.64,44.54,41.67,13.86,13.31,0.0
2026-08-02T02:55:46,arena_anchor,v19_2d_best,Heuristik(s150),400,150,0.7533,47.293,35.593,10.673,17.067,0.0
2026-08-03T02:10:03,paired_gating,lam07_s3_best,lam10_s4_best,400,100,0.43,39.82,42.58,14.35,14.0,0.0
2026-08-03T08:05:23,paired_gating,pcrpcr_s5_best,pcrkontrolle_s6_best,400,150,0.4467,31.833,32.32,17.633,16.473,0.0
2026-08-03T12:07:23,paired_gating,l07v18_s6_best,l10v18_s3_best,400,400,0.5675,41.617,38.508,13.822,15.668,0.0
2026-08-03T14:35:43,paired_gating,v19_2d_opp_best,v19_2d_best,400,400,0.5225,44.865,43.53,12.852,13.988,0.0
2026-08-03T14:55:54,paired_gating,opp_w01_la00,v19_2d_best,400,150,0.54,45.653,44.82,12.273,12.793,0.0
2026-08-03T15:13:31,paired_gating,opp_w01_la05,v19_2d_best,400,150,0.54,44.567,43.36,13.047,13.613,0.0
2026-08-03T15:30:49,paired_gating,opp_w01_la10,v19_2d_best,400,150,0.5067,45.913,44.167,12.933,13.9,0.0
2026-08-03T16:01:58,paired_gating,opp_w01_la20,v19_2d_best,400,150,0.5333,40.767,41.74,12.627,11.913,0.0
2026-08-03T18:28:31,paired_gating,oppx_w01_la00,v19_2d_best,400,300,0.5767,40.913,38.957,11.577,12.55,0.0
2026-08-03T19:08:50,paired_gating,oppx_w01_la20,v19_2d_best,400,300,0.5167,46.207,43.773,13.01,13.493,0.0
2026-08-04T01:01:29,paired_gating,ceil_la00,v19_2d_best,400,150,0.5333,44.913,42.86,12.567,13.327,0.0
2026-08-04T09:03:10,paired_gating,ceil_la30,v19_2d_best,400,150,0.4933,44.473,44.073,12.053,13.867,0.0
2026-08-04T09:29:33,paired_gating,ceil_la50,v19_2d_best,400,150,0.4267,42.273,43.887,14.3,13.107,0.0
2026-08-04T09:56:32,paired_gating,ceil_w02,v19_2d_best,400,150,0.52,43.94,44.74,13.513,13.44,0.0
2026-08-04T10:22:14,paired_gating,ceil_w03,v19_2d_best,400,150,0.5533,45.193,43.167,12.76,13.707,0.0
2026-08-04T11:33:36,paired_gating,v19_2d_opp_w01_la20,v19_2d_best,400,400,0.5125,44.197,43.583,13.455,13.742,0.0
2026-08-04T11:44:26,paired_gating,v19_2d_best,v17_best,400,80,0.6625,42.175,36.587,13.125,15.45,0.0
2026-08-04T11:52:12,paired_gating,v19_best,v17_best,400,120,0.675,42.708,35.858,13.058,15.492,0.0
2026-08-04T12:04:57,paired_gating,v19_2d_best,v18_best,400,140,0.6071,44.621,38.807,12.679,14.986,0.0
2026-08-05T00:23:39,paired_gating,v19_2d_opp_l07,v19_2d_best,400,80,0.4125,42.45,46.55,13.75,13.25,0.0
2026-08-05T12:16:43,paired_gating,v20_wdl_w02,v20_ctrl_tanh,400,40,0.3,38.325,45.3,14.8,12.325,0.0
2026-08-05T12:23:11,paired_gating,v20_wdl_w02,v19_2d_best,400,70,0.4,40.229,43.729,14.843,13.186,0.0
2026-08-05T12:50:31,paired_gating,v20_wdl_lossadj,v20_ctrl_tanh,400,110,0.4273,39.145,44.164,14.764,12.918,0.0
2026-08-05T13:01:32,paired_gating,v20_wdl_w02_final,v20_ctrl_tanh_final,400,100,0.43,39.26,41.57,15.7,14.61,0.0
2026-08-05T16:26:25,paired_gating,t34_wdlhard_brierbest,t34_tanh,400,140,0.4643,43.179,44.029,15.093,12.929,0.0
2026-08-05T17:03:41,paired_gating,t34_wdlhard_brierbest,v19_2d_best,400,220,0.4818,41.927,42.877,15.995,12.632,0.0
2026-08-05T18:30:32,paired_gating,t34_wdldestretch_brierbest,t34_tanh,400,160,0.4688,42.569,43.569,14.506,14.144,0.0
2026-08-05T19:13:56,paired_gating,t34_wdldestretch_brierbest,v19_2d_best,400,140,0.4643,44.543,46.15,14.607,12.629,0.0
2026-08-06T02:11:48,paired_gating,t12_dist_brierbest,t34_wdldestretch_brierbest,400,80,0.675,48.775,41.725,12.4,14.812,0.0
2026-08-06T02:22:14,paired_gating,t12_dist_brierbest,v19_2d_best,400,80,0.4125,42.062,44.0,14.812,12.213,0.0
2026-08-06T03:14:03,paired_gating,t9_own_brierbest,t34_wdldestretch_brierbest,400,390,0.5051,43.477,42.754,13.805,14.187,0.0
2026-08-06T03:53:07,paired_gating,t9_own_brierbest,v19_2d_best,400,290,0.5,41.941,42.755,15.407,13.169,0.0
2026-08-06T04:49:17,paired_gating,t12_dist_brierbest,t34_wdldestretch_brierbest,400,400,0.515,42.875,42.565,14.092,13.697,0.0
2026-08-06T05:39:11,paired_gating,t12_dist_brierbest,v19_2d_best,400,360,0.5028,43.194,42.161,14.503,12.469,0.0
2026-08-07T04:33:59,paired_gating,alphazero_v20_2d_opp_brierbest.onnx,alphazero_v19_2d_best.onnx,400,370,0.5622,45.93,42.822,14.808,13.168,0.0
2026-08-07T08:15:06,paired_gating,alphazero_v20_2d_opp.onnx,alphazero_v20_2d_opp_brierbest.onnx,400,100,0.44,42.65,46.7,14.33,13.69,0.0
2026-08-07T23:44:13,paired_gating,alphazero_pi_endgame_s2_brierbest.onnx,alphazero_v20_2d_opp_brierbest.onnx,400,200,0.485,43.025,44.705,14.31,14.675,0.0
2026-08-08T01:09:38,paired_gating,alphazero_v20_2d_opp_brierbest.onnx,alphazero_v19_2d_best.onnx,400,370,0.5622,44.962,43.305,15.178,12.643,0.0
2026-08-08T05:30:55,paired_gating,alphazero_t3ann_s2_brierbest.onnx,alphazero_v20_2d_opp_brierbest.onnx,400,230,0.487,43.961,43.535,14.522,14.517,0.0
2026-08-09T06:41:46,paired_gating,alphazero_v21_2d_brierbest.onnx,alphazero_v20_2d_opp_brierbest.onnx,400,120,0.625,48.383,41.683,12.542,15.242,0.0
2026-08-09T07:04:12,paired_gating,alphazero_v21_2d_brierbest.onnx,alphazero_v20_2d_opp_brierbest.onnx,400,160,0.6062,43.938,40.119,13.275,15.044,0.0
2026-08-09T10:14:04,arena_anchor,v21_2d_brierbest,Heuristik(s150),400,150,0.7533,51.087,37.513,10.027,15.453,0.0
2026-08-09T10:34:02,paired_gating,alphazero_v20_2d_opp_brierbest.onnx,alphazero_v19_best.onnx,400,190,0.6,44.337,38.921,15.089,13.311,0.0
2026-08-09T10:50:25,paired_gating,alphazero_v21_2d_brierbest.onnx,alphazero_v19_2d_best.onnx,400,80,0.6625,46.525,40.65,13.1,13.25,0.0
2026-08-09T11:19:12,paired_gating,alphazero_lam07_wdl2_s2_brierbest.onnx,alphazero_v20_2d_opp_brierbest.onnx,400,140,0.45,42.536,43.5,14.786,14.129,0.0
2026-08-09T19:44:39,paired_gating,t_d_vw04_brierbest,v21_2d_brierbest,400,400,0.52,43.025,43.178,13.865,13.97,0.0
2026-08-09T20:15:12,paired_gating,t_d_vw08_brierbest,v21_2d_brierbest,400,200,0.46,42.67,45.195,15.025,13.49,0.0
2026-08-10T01:35:34,paired_gating,t_d_pw025_brierbest,v21_2d_brierbest,400,150,0.4533,44.067,45.227,14.547,14.26,0.0
2026-08-16T16:19:20,paired_gating,w0_best,v21_2d_brierbest,400,100,0.43,45.44,44.77,14.69,14.32,0.0
2026-08-29T20:59:49,paired_gating,v22-b05,v21_2d_brierbest,400,50,0.32,35.34,45.44,11.52,12.3,0.0
2026-08-30T15:35:14,paired_gating,b05@25,b05@400,25,40,0.275,42.925,55.45,11.975,9.05,0.0
2026-08-30T15:47:26,paired_gating,b05at100,b05at400,100,80,0.4125,48.388,49.163,9.975,10.412,0.0
2026-08-31T18:41:34,paired_gating,v23-b01_brierbest,v22-b05,400,80,0.65,45.013,37.763,10.662,12.887,0.0
2026-08-31T19:04:45,paired_gating,v23-b01_brierbest,v22-b05,400,100,0.67,48.55,39.21,9.83,12.7,0.0
2026-08-31T21:15:46,paired_gating,v23-b01_brierbest,v21_2d_brierbest,400,400,0.5475,48.85,46.525,10.072,12.207,0.0
2026-08-31T22:00:15,paired_gating,v23-b02_best,v23-b02_brierbest,400,80,0.4125,37.525,42.325,11.675,11.8,0.0
2026-08-31T22:53:18,anchor_arena,v23-b01_brierbest,Heuristik_hv1_anchor,400,150,0.8467,53.967,36.127,,,
2026-09-04T03:00:45,paired_gating,v23-b01_k1c02,v21_2d_brierbest,400,160,0.4813,48.456,48.919,11.856,11.25,0.0
2026-09-04T04:12:27,paired_gating,v23-b01_brierbest,v21_2d_brierbest,400,400,0.535,50.483,47.515,10.92,12.162,0.0
2026-09-04T14:15:36,paired_gating,v23-b01_k3p10,v21_2d_brierbest,400,50,0.76,57.76,48.08,10.8,11.5,0.0
2026-09-04T15:23:32,paired_gating,v23-b01_k3p10,v21_2d_brierbest,400,400,0.5525,50.008,47.435,11.78,10.66,0.0
2026-09-04T20:03:43,paired_gating,v23-b01_k3p10,v22-b05,400,40,0.8,48.25,36.0,11.925,12.7,0.0
2026-09-05T09:56:16,paired_gating,v24-b01,v23-b01_brierbest,400,80,0.425,44.888,46.038,9.85,9.713,0.0
2026-09-05T10:20:11,paired_gating,v24-b01,v23-b01_brierbest,400,110,0.4455,45.818,48.2,10.4,10.064,0.0
2026-09-05T13:45:11,paired_gating,v24-b01,v23-b01_brierbest,400,400,0.54,45.867,43.065,10.232,11.05,0.0
2026-09-05T18:39:03,paired_gating,v24-b02,v23-b01_brierbest,400,370,0.5649,45.932,43.83,9.673,11.449,0.0
2026-09-05T19:40:54,paired_gating,v24-b02,v23-b01_brierbest,400,170,0.5941,48.982,45.076,8.612,10.882,0.0
2026-09-05T20:16:08,paired_gating,v24-b02,v23-b01_brierbest,400,150,0.6067,47.947,44.647,10.187,11.26,0.0
2026-09-05T23:51:07,paired_gating,v24-b04,v23-b01_brierbest,400,400,0.545,45.935,42.987,10.283,10.375,0.0
2026-09-06T01:17:48,paired_gating,v24-b04,v23-b01_brierbest,400,270,0.5,44.156,43.47,10.685,11.104,0.0
2026-09-06T02:38:16,paired_gating,v24-b04,v23-b01_brierbest,400,400,0.5525,48.782,46.422,10.785,10.745,0.0
2026-09-06T03:52:46,paired_gating,v24-b05,v23-b01_brierbest,400,100,0.66,47.25,41.52,9.93,11.28,0.0
2026-09-06T05:27:37,paired_gating,v24-b05,v23-b01_brierbest,400,400,0.5475,45.028,42.865,10.82,11.232,0.0
2026-09-06T07:28:59,paired_gating,v24-b03,v23-b01_brierbest,400,400,0.5375,46.84,44.188,9.473,11.088,0.0
2026-09-06T08:13:20,paired_gating,v24-b03,v23-b01_brierbest,400,120,0.625,47.867,41.983,9.733,11.017,0.0
2026-09-06T08:54:24,paired_gating,v24-b03,v23-b01_brierbest,400,240,0.5792,49.533,44.533,9.912,11.863,0.0
2026-09-06T09:58:33,paired_gating,v24-b05,v23-b01_brierbest,400,190,0.5895,48.805,43.605,10.358,10.584,0.0
2026-09-06T12:17:03,paired_gating,v24-b05,v23-b01_k3p10,400,130,0.4462,42.931,44.769,10.354,10.685,0.0
2026-09-06T13:20:41,paired_gating,v24-b05,v23-b01_k3p10,400,290,0.4966,48.679,48.634,9.755,10.786,0.0
2026-09-06T14:59:33,paired_gating,v24-b06,v23-b01_brierbest,400,400,0.54,45.117,43.705,10.665,10.56,0.0
2026-09-06T15:59:03,paired_gating,v24-b06,v23-b01_brierbest,400,200,0.585,46.575,42.39,9.83,10.82,0.0
2026-09-06T17:02:57,paired_gating,v24-b06,v23-b01_brierbest,400,360,0.5611,48.206,45.392,10.925,11.017,0.0
2026-09-06T18:04:57,paired_gating,v24-b06_k3p10,v21_2d_brierbest,400,120,0.6333,52.625,48.7,10.408,10.883,0.0
2026-09-07T14:34:45,paired_gating,v24-b06_k5vshf2_arm,v24-b06_k5vshf2_ctl,400,340,0.5059,48.256,47.906,10.582,10.047,0.0
2026-09-07T15:44:23,paired_gating,v24-b06_hf2vschamp_arm,v24-b06_hf2vschamp_ctl,400,400,0.535,47.285,46.075,9.918,10.232,0.0
2026-09-07T18:25:56,paired_gating,v24-b07,v23-b01_k3p10,400,150,0.6133,48.54,43.6,9.5,11.207,0.0
2026-09-08T09:09:05,paired_gating,v25-b01,v24-b07,400,80,0.6625,47.025,40.275,10.425,11.088,0.0
2026-09-08T10:03:38,paired_gating,v25-b01,v24-b07,400,220,0.5864,50.2,45.186,9.445,10.282,0.0
2026-09-08T22:12:14,paired_gating,v25-b01,v24-b06_k3p10,400,70,0.6857,54.6,47.129,8.3,9.814,0.0
2026-09-09T15:12:30,paired_gating,v26-b01,v25-b01,400,400,0.525,52.583,50.87,8.685,9.027,0.0
2026-09-09T15:36:44,paired_gating,v26-b01,v25-b01,400,140,0.6071,52.271,48.671,8.307,8.914,0.0
2026-09-09T17:51:28,paired_gating,v26-b01,v25-b01,400,400,0.565,52.745,49.097,8.877,9.387,0.0
2026-09-10T11:35:59,paired_gating,v26-b01,v25-b01,400,400,0.525,52.428,50.09,9.307,9.425,0.0
2026-09-10T11:57:18,paired_gating,v27-b01,v26-b01,400,90,0.6556,55.644,49.533,8.833,8.289,0.0
2026-09-10T13:23:40,paired_gating,v27-b01,v26-b01,400,400,0.555,53.175,49.888,9.182,8.307,0.0
2026-09-11T13:03:21,paired_gating,v28-b01,v27-b01,400,290,0.5724,54.014,50.872,8.548,8.572,0.0
2026-09-11T14:34:08,paired_gating,v28-b01,v27-b01,400,400,0.5525,54.542,51.538,8.34,8.57,0.0
2026-09-11T18:25:00,paired_gating,v28-b02,v28-b01,400,400,0.5175,52.33,51.998,8.66,8.473,0.0
2026-09-11T19:44:34,paired_gating,v28-b02,v28-b01,400,400,0.5225,51.932,51.735,8.935,8.685,0.0
2026-09-11T21:56:16,paired_gating,v28-b03,v28-b02,400,160,0.4813,52.781,52.269,8.231,8.812,0.0
2026-09-11T22:10:45,paired_gating,v28-b03,v28-b02,400,70,0.3714,50.214,56.643,8.8,7.214,0.0
2026-09-11T23:58:39,paired_gating,v28-b04,v28-b02,400,120,0.4583,48.6,52.675,9.717,8.3,0.0
2026-09-12T00:47:21,paired_gating,v28-b04,v28-b02,400,230,0.4957,52.422,52.109,8.526,8.857,0.0
2026-09-12T03:40:31,paired_gating,v28-b02,v27-b01,400,230,0.5783,53.687,50.239,8.539,8.891,0.0
2026-09-12T05:19:28,paired_gating,v28-b02,v27-b01,400,400,0.53,51.358,50.822,8.9,8.637,0.0
2026-09-12T07:31:19,paired_gating,v24-b05,v24-b04,400,200,0.485,42.885,44.235,11.305,11.415,0.0
2026-09-12T11:43:46,paired_gating,v28-b02,v27-b01,400,400,0.565,52.74,50.303,8.668,8.752,0.0
2026-09-12T18:03:15,paired_gating,v28-b02_startsearch,v28-b02,400,190,0.4789,53.168,53.221,8.058,8.505,0.0
2026-09-12T23:08:37,paired_gating,v28-b02_startsearch,v28-b02,400,170,0.4765,53.124,52.029,8.041,8.376,0.0
2026-09-12T23:23:16,paired_gating,v22-b05_live_s100,v22-b05_live,100,60,0.35,39.9,46.383,13.017,10.25,0.0
2026-09-12T23:41:04,paired_gating,v28-b02_s100,v28-b02,100,30,0.2333,50.867,60.1,8.567,7.567,0.0
2026-09-12T23:49:05,paired_gating,v22-b05_live_s25,v22-b05_live_s100,25,100,0.43,40.94,45.99,12.03,10.04,0.0
2026-09-13T00:41:27,paired_gating,v22-b05_live_s25,v22-b05_live_s100,25,150,0.4067,42.76,48.513,11.827,9.587,0.0
2026-09-13T00:59:10,paired_gating,v22-b05_live_s100,v22-b05_live,100,150,0.4067,36.6,42.253,12.38,12.273,0.0
2026-09-13T01:31:52,paired_gating,v28-b02_s100,v28-b02,100,150,0.3,48.973,57.487,9.007,7.867,0.0
2026-09-13T01:55:42,paired_gating,v28-b02_s200,v28-b02,200,150,0.3533,50.267,57.26,8.247,7.853,0.0
2026-09-13T02:35:52,paired_gating,v28-b02_s600,v28-b02,600,150,0.4933,53.873,52.567,7.9,8.367,0.0
2026-09-13T10:21:13,paired_gating,v28-b02_s100,v22-b05_live_s25,100,200,0.86,58.92,41.21,9.145,8.955,0.0
2026-09-14T03:45:18,paired_gating,v29-b01,v28-b02,400,180,0.4833,49.994,50.228,8.606,8.128,0.0
2026-09-14T04:19:15,paired_gating,v29-b01,v28-b02,400,150,0.46,48.307,51.227,8.793,7.847,0.0
2026-09-14T13:03:18,paired_gating,v29-b03,v29-b01,400,110,0.6273,52.973,48.191,8.127,8.0,0.0
2026-09-14T13:59:25,paired_gating,v29-b03,v29-b01,400,250,0.492,53.744,54.14,7.856,7.524,0.0
2026-09-14T14:22:53,paired_gating,v29-b02,v29-b03,400,100,0.43,48.78,52.63,8.12,8.82,0.0
2026-09-14T14:36:01,paired_gating,v29-b02,v29-b03,400,60,0.3667,53.367,58.1,8.483,7.6,0.0
2026-09-14T17:03:27,paired_gating,v29-b03,v28-b02,400,210,0.5905,53.376,50.029,8.443,8.552,0.0
2026-09-14T17:43:35,paired_gating,v29-b03,v28-b02,400,180,0.4833,53.606,53.628,8.517,7.8,0.0
2026-09-14T18:19:10,paired_gating,v29-b03,v28-b02,400,100,0.64,57.48,52.1,7.6,8.19,0.0
2026-09-14T18:55:47,paired_gating,return_order_mode1,return_order_mode0,400,150,0.4933,54.14,54.233,8.393,8.38,0.0
2026-09-14T19:40:59,paired_gating,return_order_mode1,return_order_mode0,400,150,0.4933,52.88,53.067,8.68,8.753,0.0
2026-09-14T22:00:38,paired_gating,moon_order_on,moon_order_off,400,400,0.4825,53.008,54.837,8.075,8.607,0.0
2026-09-15T00:47:42,paired_gating,moon_order_post_vs_off_a,moon_order_post_vs_off_b,400,400,0.4925,52.465,52.928,8.697,8.428,0.0
2026-09-15T00:57:51,paired_gating,k4_kosten_mit_a,k4_kosten_mit_b,400,40,0.5,46.325,46.325,10.75,10.75,0.0
2026-09-15T01:06:16,paired_gating,k4_kosten_ohne_a,k4_kosten_ohne_b,400,40,0.5,51.275,51.275,8.8,8.8,0.0
2026-09-15T01:23:28,paired_gating,k4_c10_vs_off_a,k4_c10_vs_off_b,400,80,0.25,45.837,60.138,9.262,9.3,0.0
2026-09-15T01:51:20,paired_gating,k4_c05_vs_off_a,k4_c05_vs_off_b,400,130,0.3462,47.808,55.954,8.777,10.4,0.0
2026-09-15T02:57:01,paired_gating,v29-b02,v29-b03,400,300,0.49,51.473,52.077,8.147,8.617,0.0
2026-09-15T03:55:08,paired_gating,env_val_05_vs_off_a,env_val_05_vs_off_b,400,160,0.5,51.075,51.275,8.912,8.562,0.0
2026-09-15T04:29:37,paired_gating,env_val_10_vs_off_a,env_val_10_vs_off_b,400,160,0.5062,53.875,54.212,8.55,8.512,0.0
2026-09-15T08:08:37,paired_gating,moondiag_a,moondiag_b,400,20,0.5,48.15,48.15,8.65,8.65,0.0
2026-09-15T08:22:47,paired_gating,moondiag2_a,moondiag2_b,400,20,0.5,48.15,48.15,8.65,8.65,0.0
2026-09-15T11:46:48,paired_gating,v29-b05,v29-b03,400,400,0.5375,52.605,52.453,8.0,8.2,0.0
2026-09-15T13:03:54,paired_gating,v29-b05,v29-b03,400,400,0.53,52.91,50.9,8.297,8.255,0.0
2026-09-16T23:23:16,paired_gating,v29-b04,v29-b03,400,210,0.4238,51.667,53.095,8.429,8.457,0.0
2026-09-17T00:42:49,paired_gating,v29-b04,v29-b03,400,400,0.495,53.555,53.612,8.15,8.235,0.0
2026-09-17T01:45:19,paired_gating,rt_leaf_kosten_mit_a,rt_leaf_kosten_mit_b,400,40,0.5,52.2,52.2,10.175,10.175,0.0
2026-09-17T01:54:26,paired_gating,rt_leaf_kosten_ohne_a,rt_leaf_kosten_ohne_b,400,40,0.5,49.25,49.25,9.675,9.675,0.0
2026-09-17T03:13:01,paired_gating,rt_leaf_on_vs_off_a,rt_leaf_on_vs_off_b,400,360,0.4694,50.367,51.692,8.586,7.797,0.0
2026-09-17T04:01:27,paired_gating,v29-b06,v29-b03,400,250,0.444,51.6,52.124,8.272,9.132,0.0
2026-09-17T04:52:47,paired_gating,v29-b06,v29-b03,400,280,0.4464,50.657,53.911,8.261,7.986,0.0
2026-09-17T12:38:20,paired_gating,v29-b08,v29-b03,400,400,0.525,53.307,53.28,8.668,8.28,0.0
2026-09-17T13:56:37,paired_gating,v29-b08,v29-b03,400,400,0.4875,52.0,53.383,8.105,8.11,0.0
2026-09-17T14:09:06,paired_gating,varc_kosten_a,varc_kosten_b,400,40,0.5,53.225,53.225,8.55,8.55,0.0
2026-09-17T14:16:40,paired_gating,varc_kosten_a,varc_kosten_b,400,40,0.5,51.525,51.525,8.825,8.825,0.0
2026-09-17T16:39:18,paired_gating,tiebreak_on,tiebreak_off,400,400,0.56,54.182,52.597,8.158,8.467,0.0
2026-09-17T18:08:39,paired_gating,v29-b07,v29-b03,400,400,0.5075,52.722,52.657,8.18,8.48,0.0
2026-09-17T19:30:17,paired_gating,v29-b07,v29-b03,400,400,0.5725,54.87,52.822,8.203,8.605,0.0
2026-09-17T19:46:14,paired_gating,k6_kosten_w050,k6_kosten_off,400,40,0.5,55.375,55.5,7.975,8.625,0.0
2026-09-17T19:54:14,paired_gating,k6_kosten_w050,k6_kosten_off,400,40,0.475,54.2,56.9,7.75,8.3,0.0
2026-09-17T21:32:34,paired_gating,k6_w050,k6_off,400,390,0.4615,51.151,53.413,8.587,8.177,0.0
2026-09-17T22:55:48,paired_gating,v29-b09,v29-b03,400,400,0.5325,52.66,51.255,7.705,9.145,0.0
2026-09-18T00:22:09,paired_gating,v29-b09,v29-b03,400,400,0.5075,54.035,52.708,7.912,8.768,0.0
2026-09-18T01:46:39,paired_gating,k6_w025,k6_off,400,400,0.4875,51.18,51.672,8.518,8.635,0.0
2026-09-18T03:10:34,paired_gating,v29-b07,v28-b02,400,400,0.51,52.883,53.455,8.63,8.085,0.0
2026-09-18T04:33:52,paired_gating,v29-b07,v28-b02,400,400,0.535,52.585,51.888,8.005,8.807,0.0
2026-09-18T06:56:15,paired_gating,v29-b09,v28-b02,400,400,0.525,53.62,52.73,8.765,8.645,0.0
2026-09-18T08:18:54,paired_gating,v29-b09,v28-b02,400,400,0.5325,54.492,51.907,7.89,8.32,0.0
2026-09-18T09:44:42,paired_gating,v30_kosten_a,v30_kosten_b,400,40,0.5,55.725,55.725,8.35,8.35,0.0
2026-09-18T09:54:53,paired_gating,v30_kosten_a,v30_kosten_b,400,40,0.5,59.65,59.65,7.525,7.525,0.0
2026-09-18T13:46:03,paired_gating,v29-b11,v29-b09,400,350,0.6057,57.38,53.343,7.397,7.346,0.0
2026-09-19T07:56:31,paired_gating,v30-b01,v29-b09,400,400,0.5075,52.843,53.057,7.103,8.562,0.0
2026-09-19T10:02:21,paired_gating,v30-b01,v29-b09,400,400,0.5025,53.255,52.14,7.78,8.377,0.0
2026-09-19T12:00:12,paired_gating,v30-b02,v29-b09,400,400,0.59,58.068,52.888,7.513,7.707,0.0
2026-09-19T13:21:55,paired_gating,v30-b02,v29-b09,400,340,0.6088,58.512,52.685,7.409,8.179,0.0
2026-09-19T15:59:00,paired_gating,v30-b02,v29-b09,100,10,0.7,60.3,54.3,5.4,5.8,0.0
2026-09-20T15:23:09,paired_gating,v31-b01,v30-b02,400,400,0.5925,60.377,56.52,7.128,7.56,0.0
2026-09-20T17:03:59,paired_gating,v31-b01,v30-b02,400,400,0.56,59.035,57.57,7.36,7.01,0.0
2026-09-23T11:01:07,paired_gating,v32-b01,v31-b01,400,400,0.5025,58.178,58.047,6.99,7.348,0.0
2026-09-23T13:02:00,paired_gating,v32-b01,v31-b01,400,400,0.5825,59.453,56.79,7.05,7.527,0.0
2026-09-23T15:15:29,paired_gating,hull_on,hull_off,400,400,0.5725,60.06,56.263,8.123,6.513,0.0
2026-09-23T17:09:21,paired_gating,hull_on,hull_off,400,400,0.5825,58.88,54.835,8.21,6.143,0.0
2026-09-26T11:50:24,paired_gating,v33-b01,v32-b01,400,400,0.53,59.14,57.523,7.28,7.24,0.0
2026-09-26T13:33:16,paired_gating,v33-b01,v32-b01,400,400,0.52,59.938,60.227,6.585,7.152,0.0
2026-09-26T15:32:32,paired_gating,v33-b02,v33-b01,400,290,0.4621,57.972,59.041,7.324,7.066,0.0
2026-09-26T17:21:59,paired_gating,v33-b02,v33-b01,400,400,0.5725,59.045,56.398,7.51,7.692,0.0
2026-09-26T19:53:41,paired_gating,v33-b02,v33-b01,400,400,0.5275,59.77,59.407,6.772,7.442,0.0
2026-09-27T03:01:12,paired_gating,v33-b04,v33-b02,400,400,0.4925,58.758,59.032,6.798,7.14,0.0
2026-09-27T04:44:15,paired_gating,v33-b04,v33-b02,400,400,0.505,59.782,59.367,6.925,7.425,0.0
2026-09-27T06:26:40,paired_gating,v33-b03,v33-b01,400,400,0.475,57.435,58.91,7.378,7.195,0.0
2026-09-27T08:09:32,paired_gating,v33-b03,v33-b01,400,400,0.5525,60.06,58.703,7.025,7.117,0.0
2026-09-27T09:08:01,paired_gating,e1,base,50,10,0.4,51.6,61.2,7.5,5.2,0.0
2026-09-27T10:52:33,paired_gating,v33-b02,v32-b01,400,400,0.4975,59.13,58.742,6.947,6.978,0.0
2026-09-27T12:34:58,paired_gating,v33-b02,v32-b01,400,400,0.515,59.47,59.015,7.055,7.228,0.0
2026-09-27T14:11:51,paired_gating,v32-b01-e1,v32-b01,400,400,0.485,58.78,58.765,6.58,7.357,0.0
2026-09-27T15:33:33,paired_gating,v32-b01-e1,v32-b01,400,400,0.5525,60.157,58.892,6.862,7.36,0.0
2026-09-27T17:22:00,paired_gating,v32-b01-r5net,v32-b01,400,400,0.6075,60.773,56.505,6.633,7.94,0.0
2026-09-27T19:23:23,paired_gating,v32-b01-r5net,v32-b01,400,400,0.63,61.178,56.288,6.737,8.508,0.0
2026-10-01T21:03:47,paired_gating,v32-b01-r5iter400,v32-b01-r5net,400,400,0.4075,54.27,57.1,8.73,7.572,0.0
2026-10-01T22:54:53,paired_gating,v32-b01-r5iter400,v32-b01-r5net,400,400,0.3925,55.752,58.8,8.35,7.457,0.0
2026-10-02T00:08:40,paired_gating,v34-b01-r5net,v32-b01,400,220,0.6409,62.423,55.295,6.314,7.895,0.0
2026-10-02T00:45:17,paired_gating,v34-b01-r5net,v32-b01,400,140,0.7,60.936,52.75,6.143,8.686,0.0
2026-10-02T09:38:00,paired_gating,gen-r5iter400,gen-r5net400,100,400,0.395,54.498,58.407,7.81,6.518,0.0
2026-10-02T10:12:22,paired_gating,gen-r5iter400,gen-r5net400,100,400,0.36,56.023,61.015,7.675,6.23,0.0
2026-10-02T10:40:03,paired_gating,gen-r5net400,gen-r5net100,100,400,0.58,59.45,55.905,6.907,8.19,0.0
2026-10-02T11:07:44,paired_gating,gen-r5net400,gen-r5net100,100,400,0.58,60.333,56.95,6.697,7.787,0.0
2026-10-02T11:30:18,paired_gating,v34-b03,v34-b01,50,10,0.5,58.5,57.2,6.7,8.6,0.0
2026-10-02T11:31:16,paired_gating,v34-b03,v34-b01,50,10,0.5,58.5,57.2,6.7,8.6,0.0
2026-10-02T13:28:11,paired_gating,v34-b02,v34-b01,400,400,0.48,57.185,57.983,7.59,7.88,0.0
2026-10-02T15:23:08,paired_gating,v34-b02,v34-b01,400,400,0.5075,57.422,57.105,7.588,8.133,0.0
2026-10-02T17:42:00,paired_gating,v34-b03,v34-b01,400,400,0.5125,57.695,57.05,8.102,7.957,0.0
2026-10-02T20:25:30,paired_gating,v34-b03,v34-b01,400,400,0.52,57.475,56.35,8.125,8.117,0.0
2026-10-02T20:58:26,paired_gating,gen-r5net400,gen-r5net200,100,400,0.525,59.845,58.39,6.907,7.478,0.0
2026-10-02T21:42:51,paired_gating,gen-r5net400,gen-r5net200,100,400,0.5625,60.028,58.447,7.09,7.857,0.0
2026-10-03T02:30:04,paired_gating,v34-b01,v32-b01,400,400,0.7125,62.407,54.083,6.268,8.877,0.0
2026-10-04T07:39:51,paired_gating,x35-e03,v34-b01,100,400,0.4625,57.785,58.712,7.525,7.157,0.0
2026-10-04T23:15:34,paired_gating,v35-b01,v34-b01,400,400,0.52,58.56,57.398,7.705,8.28,0.0
2026-10-05T22:19:37,paired_gating,v35-b02,v34-b01,400,400,0.545,57.922,56.203,8.117,7.348,0.0
2026-10-06T00:19:24,paired_gating,v35-b02,v34-b01,400,400,0.5475,58.685,55.28,8.37,7.67,0.0
2026-10-06T01:32:30,paired_gating,v35-b02,v34-b01,400,250,0.636,60.88,55.924,7.56,7.648,0.0
2026-10-06T08:43:30,paired_gating,v35-b03,v34-b01,400,250,0.636,59.128,55.628,8.132,7.648,0.0
2026-10-06T10:42:35,paired_gating,v35-b03,v34-b01,400,400,0.555,58.472,56.623,7.902,7.043,0.0
2026-10-06T13:25:22,paired_gating,v35-b05,v34-b01,400,400,0.56,58.653,55.458,7.933,7.992,0.0
2026-10-06T15:26:40,paired_gating,v35-b05,v34-b01,400,400,0.5675,58.04,55.745,7.92,7.72,0.0
2026-10-06T18:09:09,paired_gating,v35-b06,v34-b01,400,400,0.5775,58.108,55.392,7.965,8.322,0.0
2026-10-06T20:07:27,paired_gating,v35-b06,v34-b01,400,400,0.56,58.782,55.975,8.033,8.025,0.0
2026-10-06T22:48:12,paired_gating,v35-b04,v34-b01,400,400,0.54,58.483,55.51,7.7,7.67,0.0
2026-10-07T00:48:12,paired_gating,v35-b04,v34-b01,400,400,0.59,58.8,54.907,8.012,8.175,0.0
2026-10-07T02:46:42,paired_gating,v35-b04,v34-b01,400,400,0.555,59.718,56.52,7.625,7.582,0.0
2026-10-07T05:06:42,paired_gating,v35-b07,v34-b01,400,400,0.54,57.627,55.773,8.697,7.772,0.0
2026-10-07T07:04:59,paired_gating,v35-b07,v34-b01,400,400,0.505,58.31,57.602,8.102,8.023,0.0
2026-10-07T09:29:33,paired_gating,v35-b10,v34-b01,400,300,0.6167,58.743,54.457,8.147,8.153,0.0
2026-10-07T11:24:13,paired_gating,v35-b10,v34-b01,400,390,0.6026,59.79,55.651,7.995,7.762,0.0
2026-10-08T02:15:02,paired_gating,v35-b09,v34-b01,400,260,0.6308,59.388,55.404,8.208,7.927,0.0
2026-10-08T04:15:43,paired_gating,v35-b09,v34-b01,400,400,0.565,60.172,57.595,7.38,7.607,0.0
2026-10-08T06:10:40,paired_gating,v35-b11,v35-b02,400,100,0.38,52.24,57.05,8.83,7.66,0.0
2026-10-08T06:40:06,paired_gating,v35-b11,v35-b02,400,100,0.4,57.31,59.11,7.86,7.25,0.0
2026-10-08T07:53:24,paired_gating,v35-b12,v35-b02,400,100,0.5,55.88,55.48,7.15,8.45,0.0
2026-10-08T08:23:18,paired_gating,v35-b12,v35-b02,400,100,0.47,56.72,58.88,8.07,7.08,0.0
2026-10-08T09:38:11,paired_gating,v35-b13,v35-b02,400,100,0.52,57.3,56.02,7.51,8.29,0.0
2026-10-08T10:08:29,paired_gating,v35-b13,v35-b02,400,100,0.53,59.11,59.36,7.93,8.32,0.0
2026-10-08T11:21:44,paired_gating,v35-b14a,v35-b02,400,100,0.49,54.18,54.85,8.7,7.67,0.0
2026-10-08T11:52:00,paired_gating,v35-b14a,v35-b02,400,100,0.49,56.53,58.69,7.79,8.0,0.0
2026-10-08T12:45:58,paired_gating,v35-b14b,v35-b02,400,100,0.49,57.58,56.18,7.91,7.29,0.0
2026-10-08T13:15:48,paired_gating,v35-b14b,v35-b02,400,100,0.45,57.19,60.25,7.45,8.31,0.0
2026-10-08T14:29:39,paired_gating,v35-b15,v35-b02,400,100,0.58,55.43,53.98,7.84,8.26,0.0
2026-10-08T14:59:51,paired_gating,v35-b15,v35-b02,400,100,0.5,56.88,57.06,7.99,7.87,0.0
2026-10-08T15:54:35,paired_gating,v35-b17,v34-b01,400,10,0.3,53.7,56.9,8.3,7.7,0.0
2026-10-08T18:28:49,paired_gating,v35-b17,v34-b01,400,400,0.5575,58.615,56.553,8.075,7.815,0.0
2026-10-08T20:31:04,paired_gating,v35-b17,v34-b01,400,400,0.51,57.873,56.803,7.81,8.008,0.0
2026-10-08T23:12:05,paired_gating,v35-b17,v34-b01,400,400,0.525,58.053,56.608,7.705,8.235,0.0
2026-10-09T00:05:25,paired_gating,v35-b08b,v35-b02,400,100,0.44,54.54,55.84,8.53,8.13,0.0
2026-10-09T00:34:04,paired_gating,v35-b08b,v35-b02,400,100,0.48,58.07,58.62,7.44,7.56,0.0
2026-10-09T02:12:40,paired_gating,v35-b15,v35-b02,400,330,0.4667,55.976,57.027,8.097,7.785,0.0
2026-10-09T04:04:08,paired_gating,v35-b15,v35-b02,400,400,0.4925,55.638,56.885,7.925,8.21,0.0
2026-10-09T05:48:27,paired_gating,v35-b16,v34-b01,400,210,0.6429,59.195,53.514,8.081,7.79,0.0
2026-10-09T07:01:25,paired_gating,v35-b16,v34-b01,400,240,0.6417,61.737,56.004,7.483,7.85,0.0
2026-10-09T08:21:55,paired_gating,v35-b18,v35-b16,400,100,0.47,55.38,55.13,8.36,7.77,0.0
2026-10-09T08:49:28,paired_gating,v35-b18,v35-b16,400,100,0.55,58.26,56.87,8.17,7.58,0.0
