timestamp, utilization.gpu [%], memory.used [MiB], power.draw [W]
2026/08/12 22:33:05.961, 32 %, 1505 MiB, 21.59 W
2026/08/12 22:33:06.966, 33 %, 1505 MiB, 21.51 W
2026/08/12 22:33:07.967, 33 %, 1505 MiB, 21.54 W
2026/08/12 22:33:08.968, 33 %, 1505 MiB, 21.53 W
2026/08/12 22:33:09.969, 33 %, 1500 MiB, 21.51 W
2026/08/12 22:33:10.970, 33 %, 1500 MiB, 21.51 W
2026/08/12 22:33:11.971, 32 %, 1500 MiB, 21.50 W
2026/08/12 22:33:12.972, 33 %, 1500 MiB, 21.51 W
2026/08/12 22:33:13.973, 33 %, 1499 MiB, 21.63 W
2026/08/12 22:33:14.974, 31 %, 1498 MiB, 21.59 W
2026/08/12 22:33:15.975, 34 %, 1498 MiB, 21.75 W
2026/08/12 22:33:16.976, 34 %, 1498 MiB, 21.77 W
2026/08/12 22:33:17.977, 31 %, 1498 MiB, 21.80 W
2026/08/12 22:33:18.978, 33 %, 1498 MiB, 21.82 W
2026/08/12 22:33:19.979, 33 %, 1498 MiB, 21.90 W
2026/08/12 22:33:20.980, 31 %, 1498 MiB, 21.80 W
2026/08/12 22:33:21.981, 33 %, 1498 MiB, 21.90 W
2026/08/12 22:33:22.984, 32 %, 1497 MiB, 21.88 W
2026/08/12 22:33:23.997, 23 %, 1512 MiB, 21.64 W
2026/08/12 22:33:25.020, 25 %, 1512 MiB, 21.54 W
2026/08/12 22:33:26.041, 22 %, 1508 MiB, 21.58 W
2026/08/12 22:33:27.061, 26 %, 1510 MiB, 21.80 W
2026/08/12 22:33:28.075, 17 %, 1511 MiB, 20.75 W
2026/08/12 22:33:29.082, 18 %, 1510 MiB, 20.71 W
2026/08/12 22:33:30.098, 14 %, 1511 MiB, 20.32 W
2026/08/12 22:33:31.114, 11 %, 1514 MiB, 20.39 W
2026/08/12 22:33:32.125, 16 %, 1513 MiB, 20.39 W
2026/08/12 22:33:33.126, 12 %, 1508 MiB, 20.43 W
2026/08/12 22:33:34.144, 14 %, 1508 MiB, 20.35 W
2026/08/12 22:33:35.163, 17 %, 1507 MiB, 20.39 W
2026/08/12 22:33:36.173, 15 %, 1507 MiB, 20.51 W
2026/08/12 22:33:37.197, 27 %, 1507 MiB, 21.04 W
2026/08/12 22:33:38.223, 18 %, 1511 MiB, 20.40 W
2026/08/12 22:33:39.242, 23 %, 1507 MiB, 20.50 W
2026/08/12 22:33:40.251, 19 %, 1507 MiB, 20.89 W
2026/08/12 22:33:41.274, 23 %, 1506 MiB, 20.99 W
2026/08/12 22:33:42.276, 27 %, 1503 MiB, 20.92 W
2026/08/12 22:33:43.277, 41 %, 1503 MiB, 21.23 W
2026/08/12 22:33:44.280, 44 %, 1500 MiB, 21.60 W
2026/08/12 22:33:45.281, 42 %, 1500 MiB, 22.34 W
2026/08/12 22:33:46.281, 20 %, 1500 MiB, 22.60 W
2026/08/12 22:33:47.283, 19 %, 1500 MiB, 22.80 W
2026/08/12 22:33:48.287, 43 %, 1505 MiB, 22.43 W
2026/08/12 22:33:49.291, 16 %, 1509 MiB, 22.03 W
2026/08/12 22:33:50.291, 17 %, 1509 MiB, 21.22 W
2026/08/12 22:33:51.292, 39 %, 1509 MiB, 21.46 W
2026/08/12 22:33:52.293, 31 %, 1509 MiB, 21.51 W
2026/08/12 22:33:53.302, 40 %, 1509 MiB, 21.56 W
2026/08/12 22:33:54.303, 42 %, 1505 MiB, 21.67 W
2026/08/12 22:33:55.309, 39 %, 1502 MiB, 21.69 W
2026/08/12 22:33:56.312, 38 %, 1502 MiB, 21.56 W
2026/08/12 22:33:57.313, 38 %, 1507 MiB, 21.47 W
2026/08/12 22:33:58.314, 30 %, 1508 MiB, 21.45 W
2026/08/12 22:33:59.319, 39 %, 1508 MiB, 21.75 W
2026/08/12 22:34:00.320, 39 %, 1509 MiB, 21.70 W
2026/08/12 22:34:01.322, 38 %, 1509 MiB, 21.45 W
2026/08/12 22:34:02.326, 37 %, 1508 MiB, 21.96 W
2026/08/12 22:34:03.335, 30 %, 1506 MiB, 21.57 W
2026/08/12 22:34:04.340, 22 %, 1513 MiB, 20.79 W
2026/08/12 22:34:05.346, 16 %, 1514 MiB, 20.77 W
2026/08/12 22:34:06.347, 19 %, 1514 MiB, 20.41 W
2026/08/12 22:34:07.364, 20 %, 1514 MiB, 20.51 W
2026/08/12 22:34:08.369, 16 %, 1514 MiB, 20.87 W
2026/08/12 22:34:09.379, 19 %, 1505 MiB, 20.34 W
2026/08/12 22:34:10.391, 21 %, 1505 MiB, 20.50 W
2026/08/12 22:34:11.396, 24 %, 1510 MiB, 20.41 W
2026/08/12 22:34:12.400, 23 %, 1510 MiB, 20.56 W
2026/08/12 22:34:13.414, 19 %, 1510 MiB, 20.41 W
2026/08/12 22:34:14.431, 16 %, 1519 MiB, 20.29 W
2026/08/12 22:34:15.446, 16 %, 1518 MiB, 20.17 W
2026/08/12 22:34:16.470, 17 %, 1508 MiB, 20.25 W
2026/08/12 22:34:17.480, 20 %, 1505 MiB, 20.50 W
2026/08/12 22:34:18.486, 19 %, 1505 MiB, 20.28 W
2026/08/12 22:34:19.498, 15 %, 1502 MiB, 20.27 W
2026/08/12 22:34:20.504, 19 %, 1502 MiB, 20.27 W
2026/08/12 22:34:21.513, 17 %, 1502 MiB, 20.40 W
2026/08/12 22:34:22.516, 22 %, 1502 MiB, 20.38 W
2026/08/12 22:34:23.520, 31 %, 1504 MiB, 20.82 W
2026/08/12 22:34:24.524, 36 %, 1509 MiB, 21.55 W
2026/08/12 22:34:25.530, 38 %, 1509 MiB, 21.82 W
2026/08/12 22:34:26.531, 38 %, 1509 MiB, 22.12 W
2026/08/12 22:34:27.532, 38 %, 1509 MiB, 22.07 W
2026/08/12 22:34:28.533, 38 %, 1506 MiB, 22.02 W
2026/08/12 22:34:29.534, 36 %, 1506 MiB, 22.02 W
2026/08/12 22:34:30.538, 35 %, 1595 MiB, 21.93 W
2026/08/12 22:34:31.540, 9 %, 1631 MiB, 31.78 W
2026/08/12 22:34:32.541, 15 %, 1631 MiB, 45.08 W
2026/08/12 22:34:33.542, 12 %, 1631 MiB, 44.65 W
2026/08/12 22:34:34.543, 11 %, 1631 MiB, 44.85 W
2026/08/12 22:34:35.545, 12 %, 1631 MiB, 44.85 W
2026/08/12 22:34:36.549, 12 %, 1631 MiB, 44.81 W
2026/08/12 22:34:37.550, 25 %, 1631 MiB, 41.44 W
2026/08/12 22:34:38.552, 20 %, 1631 MiB, 29.16 W
2026/08/12 22:34:39.552, 39 %, 1638 MiB, 26.25 W
2026/08/12 22:34:40.556, 23 %, 1638 MiB, 23.80 W
2026/08/12 22:34:41.558, 28 %, 1638 MiB, 23.72 W
2026/08/12 22:34:42.563, 35 %, 1638 MiB, 23.06 W
2026/08/12 22:34:43.568, 48 %, 1638 MiB, 23.33 W
2026/08/12 22:34:44.570, 29 %, 1637 MiB, 23.96 W
2026/08/12 22:34:45.574, 47 %, 1630 MiB, 24.21 W
2026/08/12 22:34:46.576, 32 %, 1630 MiB, 24.17 W
2026/08/12 22:34:47.577, 35 %, 1630 MiB, 24.23 W
2026/08/12 22:34:48.578, 39 %, 1630 MiB, 24.30 W
2026/08/12 22:34:49.578, 23 %, 1630 MiB, 23.94 W
2026/08/12 22:34:50.580, 32 %, 1630 MiB, 23.78 W
2026/08/12 22:34:51.584, 41 %, 1634 MiB, 23.68 W
2026/08/12 22:34:52.584, 33 %, 1634 MiB, 23.75 W
2026/08/12 22:34:53.586, 33 %, 1634 MiB, 23.82 W
2026/08/12 22:34:54.588, 80 %, 1634 MiB, 23.74 W
2026/08/12 22:34:55.589, 42 %, 1633 MiB, 24.06 W
2026/08/12 22:34:56.591, 39 %, 1633 MiB, 24.45 W
2026/08/12 22:34:57.591, 32 %, 1632 MiB, 24.08 W
2026/08/12 22:34:58.592, 38 %, 1631 MiB, 24.23 W
2026/08/12 22:34:59.594, 34 %, 1631 MiB, 24.12 W
2026/08/12 22:35:00.595, 36 %, 1631 MiB, 24.18 W
2026/08/12 22:35:01.599, 31 %, 1631 MiB, 23.91 W
2026/08/12 22:35:02.600, 32 %, 1631 MiB, 23.94 W
2026/08/12 22:35:03.603, 36 %, 1631 MiB, 23.76 W
2026/08/12 22:35:04.608, 31 %, 1631 MiB, 23.80 W
2026/08/12 22:35:05.612, 94 %, 1631 MiB, 23.81 W
2026/08/12 22:35:06.614, 10 %, 1631 MiB, 42.43 W
2026/08/12 22:35:07.618, 23 %, 1631 MiB, 42.14 W
2026/08/12 22:35:08.620, 27 %, 1631 MiB, 30.22 W
2026/08/12 22:35:09.620, 26 %, 1631 MiB, 30.22 W
2026/08/12 22:35:10.626, 43 %, 1628 MiB, 25.12 W
2026/08/12 22:35:11.627, 35 %, 1628 MiB, 24.45 W
2026/08/12 22:35:12.631, 33 %, 1628 MiB, 24.25 W
2026/08/12 22:35:13.634, 35 %, 1631 MiB, 24.17 W
2026/08/12 22:35:14.637, 43 %, 1631 MiB, 24.25 W
2026/08/12 22:35:15.639, 35 %, 1631 MiB, 24.50 W
2026/08/12 22:35:16.640, 6 %, 1631 MiB, 24.02 W
2026/08/12 22:35:17.641, 20 %, 1631 MiB, 23.13 W
2026/08/12 22:35:18.642, 25 %, 1632 MiB, 22.45 W
2026/08/12 22:35:19.643, 32 %, 1632 MiB, 22.25 W
2026/08/12 22:35:20.644, 18 %, 1505 MiB, 22.30 W
2026/08/12 22:35:21.645, 26 %, 1505 MiB, 22.19 W
2026/08/12 22:35:22.646, 29 %, 1505 MiB, 21.85 W
2026/08/12 22:35:23.647, 29 %, 1504 MiB, 21.82 W
2026/08/12 22:35:24.651, 25 %, 1504 MiB, 21.91 W
2026/08/12 22:35:25.652, 29 %, 1499 MiB, 21.85 W
2026/08/12 22:35:26.653, 28 %, 1497 MiB, 21.92 W
2026/08/12 22:35:27.654, 33 %, 1497 MiB, 21.99 W
2026/08/12 22:35:28.655, 29 %, 1497 MiB, 21.99 W
2026/08/12 22:35:29.657, 28 %, 1497 MiB, 21.92 W
2026/08/12 22:35:30.658, 30 %, 1497 MiB, 21.84 W
2026/08/12 22:35:31.658, 29 %, 1497 MiB, 21.84 W
2026/08/12 22:35:32.659, 29 %, 1497 MiB, 21.97 W
2026/08/12 22:35:33.665, 30 %, 1497 MiB, 22.07 W
2026/08/12 22:35:34.667, 31 %, 1497 MiB, 21.99 W
2026/08/12 22:35:35.738, 15 %, 1497 MiB, 21.93 W
2026/08/12 22:35:36.826, 13 %, 1497 MiB, 21.61 W
2026/08/12 22:35:37.915, 25 %, 1505 MiB, 21.80 W
2026/08/12 22:35:39.017, 22 %, 1505 MiB, 21.89 W
2026/08/12 22:35:40.102, 26 %, 1505 MiB, 21.90 W
2026/08/12 22:35:41.175, 23 %, 1505 MiB, 22.04 W
2026/08/12 22:35:42.281, 24 %, 1504 MiB, 21.82 W
2026/08/12 22:35:43.376, 18 %, 1514 MiB, 21.63 W
2026/08/12 22:35:44.490, 23 %, 1514 MiB, 21.72 W
2026/08/12 22:35:45.575, 30 %, 1510 MiB, 21.77 W
2026/08/12 22:35:46.654, 23 %, 1509 MiB, 21.66 W
2026/08/12 22:35:47.735, 14 %, 1509 MiB, 21.66 W
2026/08/12 22:35:48.809, 16 %, 1498 MiB, 21.56 W
2026/08/12 22:35:49.857, 27 %, 1498 MiB, 21.75 W
2026/08/12 22:35:50.866, 21 %, 1498 MiB, 21.79 W
2026/08/12 22:35:51.883, 26 %, 1498 MiB, 21.77 W
2026/08/12 22:35:52.890, 22 %, 1498 MiB, 21.88 W
2026/08/12 22:35:53.894, 34 %, 1501 MiB, 21.90 W
2026/08/12 22:35:54.895, 31 %, 1501 MiB, 22.31 W
2026/08/12 22:35:55.896, 33 %, 1501 MiB, 22.41 W
2026/08/12 22:35:56.899, 40 %, 1501 MiB, 22.35 W
2026/08/12 22:35:57.902, 38 %, 1501 MiB, 22.38 W
2026/08/12 22:35:58.903, 38 %, 1498 MiB, 22.40 W
2026/08/12 22:35:59.905, 39 %, 1498 MiB, 22.39 W
2026/08/12 22:36:00.999, 36 %, 1499 MiB, 22.60 W
2026/08/12 22:36:02.110, 16 %, 1499 MiB, 22.00 W
2026/08/12 22:36:03.216, 27 %, 1499 MiB, 21.91 W
2026/08/12 22:36:04.319, 20 %, 1499 MiB, 21.71 W
2026/08/12 22:36:05.324, 24 %, 1499 MiB, 21.70 W
2026/08/12 22:36:06.328, 27 %, 1499 MiB, 21.80 W
2026/08/12 22:36:07.328, 21 %, 1499 MiB, 21.77 W
2026/08/12 22:36:08.336, 22 %, 1499 MiB, 21.64 W
2026/08/12 22:36:09.338, 23 %, 1499 MiB, 21.60 W
2026/08/12 22:36:10.343, 27 %, 1499 MiB, 21.59 W
2026/08/12 22:36:11.344, 28 %, 1499 MiB, 21.90 W
2026/08/12 22:36:12.348, 23 %, 1499 MiB, 21.94 W
2026/08/12 22:36:13.350, 25 %, 1499 MiB, 21.86 W
2026/08/12 22:36:14.350, 24 %, 1499 MiB, 21.87 W
2026/08/12 22:36:15.359, 28 %, 1501 MiB, 21.79 W
2026/08/12 22:36:16.362, 23 %, 1501 MiB, 21.87 W
2026/08/12 22:36:17.363, 24 %, 1501 MiB, 22.05 W
2026/08/12 22:36:18.364, 25 %, 1500 MiB, 22.02 W
2026/08/12 22:36:19.366, 32 %, 1500 MiB, 21.86 W
2026/08/12 22:36:20.369, 38 %, 1503 MiB, 22.59 W
2026/08/12 22:36:21.371, 41 %, 1503 MiB, 22.69 W
2026/08/12 22:36:22.375, 43 %, 1503 MiB, 22.62 W
2026/08/12 22:36:23.376, 18 %, 1503 MiB, 22.76 W
2026/08/12 22:36:24.379, 15 %, 1505 MiB, 22.90 W
2026/08/12 22:36:25.380, 42 %, 1505 MiB, 22.48 W
2026/08/12 22:36:26.381, 40 %, 1505 MiB, 22.25 W
2026/08/12 22:36:27.382, 41 %, 1505 MiB, 22.44 W
2026/08/12 22:36:28.384, 40 %, 1502 MiB, 22.49 W
2026/08/12 22:36:29.385, 41 %, 1497 MiB, 22.52 W
2026/08/12 22:36:30.386, 39 %, 1497 MiB, 22.42 W
2026/08/12 22:36:31.387, 40 %, 1497 MiB, 22.29 W
2026/08/12 22:36:32.388, 40 %, 1497 MiB, 22.40 W
2026/08/12 22:36:33.390, 39 %, 1497 MiB, 22.46 W
2026/08/12 22:36:34.390, 38 %, 1497 MiB, 22.45 W
2026/08/12 22:36:35.392, 20 %, 1499 MiB, 22.30 W
2026/08/12 22:36:36.392, 1 %, 1499 MiB, 24.23 W
2026/08/12 22:36:37.394, 1 %, 1628 MiB, 42.99 W
2026/08/12 22:36:38.395, 15 %, 1644 MiB, 44.45 W
2026/08/12 22:36:39.397, 14 %, 1643 MiB, 46.06 W
2026/08/12 22:36:40.398, 7 %, 1642 MiB, 45.74 W
2026/08/12 22:36:41.399, 7 %, 1642 MiB, 44.18 W
2026/08/12 22:36:42.401, 12 %, 1641 MiB, 45.06 W
2026/08/12 22:36:43.402, 13 %, 1641 MiB, 45.51 W
2026/08/12 22:36:44.405, 27 %, 1641 MiB, 43.10 W
2026/08/12 22:36:45.406, 23 %, 1641 MiB, 24.30 W
2026/08/12 22:36:46.407, 28 %, 1641 MiB, 24.19 W
2026/08/12 22:36:47.410, 35 %, 1641 MiB, 24.49 W
2026/08/12 22:36:48.410, 31 %, 1641 MiB, 24.45 W
2026/08/12 22:36:49.415, 29 %, 1645 MiB, 24.08 W
2026/08/12 22:36:50.415, 27 %, 1648 MiB, 23.86 W
2026/08/12 22:36:51.418, 26 %, 1655 MiB, 23.70 W
2026/08/12 22:36:52.424, 28 %, 1656 MiB, 23.63 W
2026/08/12 22:36:53.424, 6 %, 1658 MiB, 31.52 W
2026/08/12 22:36:54.426, 6 %, 1660 MiB, 43.49 W
2026/08/12 22:36:55.426, 7 %, 1659 MiB, 43.45 W
2026/08/12 22:36:56.431, 6 %, 1652 MiB, 40.95 W
2026/08/12 22:36:57.436, 41 %, 1655 MiB, 23.74 W
2026/08/12 22:36:58.439, 18 %, 1664 MiB, 24.15 W
2026/08/12 22:36:59.440, 12 %, 1660 MiB, 23.54 W
2026/08/12 22:37:00.441, 27 %, 1660 MiB, 23.21 W
2026/08/12 22:37:01.442, 41 %, 1660 MiB, 22.71 W
2026/08/12 22:37:02.443, 43 %, 1656 MiB, 22.79 W
2026/08/12 22:37:03.447, 16 %, 1505 MiB, 23.00 W
2026/08/12 22:37:04.448, 10 %, 1505 MiB, 23.29 W
2026/08/12 22:37:05.449, 44 %, 1505 MiB, 22.69 W
2026/08/12 22:37:06.450, 42 %, 1505 MiB, 22.50 W
2026/08/12 22:37:07.451, 41 %, 1504 MiB, 22.48 W
2026/08/12 22:37:08.452, 41 %, 1500 MiB, 22.38 W
2026/08/12 22:37:09.453, 40 %, 1497 MiB, 22.49 W
2026/08/12 22:37:10.454, 40 %, 1497 MiB, 22.45 W
2026/08/12 22:37:11.457, 40 %, 1497 MiB, 22.30 W
2026/08/12 22:37:12.457, 32 %, 1497 MiB, 22.24 W
2026/08/12 22:37:13.458, 33 %, 1497 MiB, 22.07 W
2026/08/12 22:37:14.459, 34 %, 1497 MiB, 22.10 W
2026/08/12 22:37:15.461, 44 %, 1498 MiB, 22.31 W
2026/08/12 22:37:16.463, 42 %, 1490 MiB, 22.61 W
2026/08/12 22:37:17.464, 42 %, 1492 MiB, 22.59 W
2026/08/12 22:37:18.465, 42 %, 1492 MiB, 22.66 W
2026/08/12 22:37:19.467, 9 %, 1492 MiB, 22.98 W
2026/08/12 22:37:20.472, 11 %, 1495 MiB, 22.87 W
2026/08/12 22:37:21.474, 30 %, 1495 MiB, 22.40 W
2026/08/12 22:37:22.475, 27 %, 1495 MiB, 22.12 W
2026/08/12 22:37:23.479, 32 %, 1495 MiB, 22.24 W
2026/08/12 22:37:24.481, 32 %, 1495 MiB, 22.21 W
2026/08/12 22:37:25.485, 24 %, 1490 MiB, 22.14 W
2026/08/12 22:37:26.487, 21 %, 1490 MiB, 22.08 W
2026/08/12 22:37:27.488, 24 %, 1490 MiB, 22.06 W
2026/08/12 22:37:28.489, 39 %, 1490 MiB, 22.08 W
2026/08/12 22:37:29.493, 29 %, 1490 MiB, 22.24 W
2026/08/12 22:37:30.497, 29 %, 1490 MiB, 22.23 W
2026/08/12 22:37:31.497, 22 %, 1490 MiB, 22.00 W
2026/08/12 22:37:32.500, 29 %, 1490 MiB, 22.11 W
2026/08/12 22:37:33.506, 26 %, 1490 MiB, 22.18 W
2026/08/12 22:37:34.507, 35 %, 1494 MiB, 22.31 W
2026/08/12 22:37:35.510, 30 %, 1498 MiB, 22.28 W
2026/08/12 22:37:36.510, 30 %, 1498 MiB, 22.12 W
2026/08/12 22:37:37.516, 40 %, 1498 MiB, 22.59 W
2026/08/12 22:37:38.517, 40 %, 1498 MiB, 22.73 W
2026/08/12 22:37:39.518, 42 %, 1495 MiB, 22.74 W
2026/08/12 22:37:40.518, 11 %, 1491 MiB, 23.18 W
2026/08/12 22:37:41.521, 40 %, 1491 MiB, 23.09 W
2026/08/12 22:37:42.523, 42 %, 1491 MiB, 22.55 W
2026/08/12 22:37:43.525, 42 %, 1490 MiB, 22.65 W
2026/08/12 22:37:44.526, 40 %, 1490 MiB, 22.55 W
2026/08/12 22:37:45.527, 35 %, 1492 MiB, 22.56 W
2026/08/12 22:37:46.528, 2 %, 1492 MiB, 41.28 W
2026/08/12 22:37:47.533, 2 %, 1493 MiB, 43.26 W
2026/08/12 22:37:48.534, 2 %, 1493 MiB, 43.37 W
2026/08/12 22:37:49.536, 7 %, 1493 MiB, 41.62 W
2026/08/12 22:37:50.537, 13 %, 1493 MiB, 23.30 W
2026/08/12 22:37:51.538, 18 %, 1492 MiB, 22.99 W
2026/08/12 22:37:52.540, 27 %, 1491 MiB, 22.56 W
2026/08/12 22:37:53.541, 24 %, 1491 MiB, 21.87 W
2026/08/12 22:37:54.543, 31 %, 1491 MiB, 22.04 W
2026/08/12 22:37:55.545, 36 %, 1491 MiB, 22.30 W
2026/08/12 22:37:56.547, 28 %, 1491 MiB, 22.18 W
2026/08/12 22:37:57.548, 32 %, 1491 MiB, 22.06 W
2026/08/12 22:37:58.549, 33 %, 1491 MiB, 22.01 W
2026/08/12 22:37:59.550, 38 %, 1491 MiB, 22.27 W
2026/08/12 22:38:00.551, 19 %, 1491 MiB, 22.30 W
2026/08/12 22:38:01.552, 35 %, 1491 MiB, 22.05 W
2026/08/12 22:38:02.553, 40 %, 1491 MiB, 22.15 W
2026/08/12 22:38:03.553, 43 %, 1491 MiB, 22.59 W
2026/08/12 22:38:04.555, 41 %, 1492 MiB, 22.68 W
2026/08/12 22:38:05.555, 17 %, 1495 MiB, 23.04 W
2026/08/12 22:38:06.557, 12 %, 1495 MiB, 23.09 W
2026/08/12 22:38:07.558, 39 %, 1495 MiB, 22.85 W
2026/08/12 22:38:08.560, 41 %, 1495 MiB, 22.54 W
2026/08/12 22:38:09.563, 12 %, 1495 MiB, 23.04 W
2026/08/12 22:38:10.567, 39 %, 1495 MiB, 23.10 W
2026/08/12 22:38:11.572, 34 %, 1493 MiB, 22.43 W
2026/08/12 22:38:12.575, 35 %, 1497 MiB, 22.29 W
2026/08/12 22:38:13.576, 44 %, 1497 MiB, 22.44 W
2026/08/12 22:38:14.581, 21 %, 1497 MiB, 22.56 W
2026/08/12 22:38:15.582, 17 %, 1497 MiB, 22.95 W
2026/08/12 22:38:16.584, 44 %, 1497 MiB, 22.76 W
2026/08/12 22:38:17.585, 43 %, 1492 MiB, 22.56 W
2026/08/12 22:38:18.590, 10 %, 1492 MiB, 23.03 W
2026/08/12 22:38:19.592, 40 %, 1492 MiB, 23.06 W
2026/08/12 22:38:20.595, 43 %, 1492 MiB, 22.72 W
2026/08/12 22:38:21.597, 22 %, 1492 MiB, 22.67 W
2026/08/12 22:38:22.603, 46 %, 1492 MiB, 22.61 W
2026/08/12 22:38:23.606, 10 %, 1492 MiB, 23.16 W
2026/08/12 22:38:24.608, 10 %, 1497 MiB, 23.28 W
2026/08/12 22:38:25.611, 40 %, 1496 MiB, 22.66 W
2026/08/12 22:38:26.611, 41 %, 1496 MiB, 22.59 W
2026/08/12 22:38:27.612, 42 %, 1496 MiB, 22.82 W
2026/08/12 22:38:28.613, 12 %, 1495 MiB, 23.13 W
2026/08/12 22:38:29.614, 10 %, 1492 MiB, 23.28 W
2026/08/12 22:38:30.616, 36 %, 1492 MiB, 23.05 W
2026/08/12 22:38:31.620, 41 %, 1492 MiB, 22.80 W
2026/08/12 22:38:32.621, 9 %, 1497 MiB, 23.86 W
2026/08/12 22:38:33.629, 2 %, 1497 MiB, 42.59 W
2026/08/12 22:38:34.632, 2 %, 1497 MiB, 43.65 W
2026/08/12 22:38:35.632, 2 %, 1497 MiB, 43.81 W
2026/08/12 22:38:36.634, 11 %, 1496 MiB, 31.24 W
2026/08/12 22:38:37.635, 13 %, 1489 MiB, 23.58 W
2026/08/12 22:38:38.636, 29 %, 1584 MiB, 24.07 W
2026/08/12 22:38:39.637, 3 %, 1620 MiB, 42.38 W
2026/08/12 22:38:40.638, 9 %, 1620 MiB, 44.99 W
2026/08/12 22:38:41.639, 7 %, 1620 MiB, 45.05 W
2026/08/12 22:38:42.640, 7 %, 1620 MiB, 45.02 W
2026/08/12 22:38:43.641, 4 %, 1620 MiB, 44.58 W
2026/08/12 22:38:44.642, 3 %, 1620 MiB, 44.03 W
2026/08/12 22:38:45.643, 16 %, 1620 MiB, 31.40 W
2026/08/12 22:38:46.644, 30 %, 1620 MiB, 23.73 W
2026/08/12 22:38:47.657, 2 %, 1620 MiB, 25.12 W
2026/08/12 22:38:48.658, 7 %, 1620 MiB, 44.10 W
2026/08/12 22:38:49.662, 7 %, 1620 MiB, 44.82 W
2026/08/12 22:38:50.665, 5 %, 1620 MiB, 44.63 W
2026/08/12 22:38:51.666, 22 %, 1620 MiB, 31.89 W
2026/08/12 22:38:52.667, 21 %, 1620 MiB, 23.97 W
2026/08/12 22:38:53.667, 11 %, 1620 MiB, 23.84 W
2026/08/12 22:38:54.670, 2 %, 1620 MiB, 35.22 W
2026/08/12 22:38:55.678, 2 %, 1620 MiB, 43.73 W
2026/08/12 22:38:56.679, 2 %, 1620 MiB, 43.91 W
2026/08/12 22:38:57.680, 7 %, 1620 MiB, 44.26 W
2026/08/12 22:38:58.688, 12 %, 1620 MiB, 34.60 W
2026/08/12 22:38:59.690, 25 %, 1620 MiB, 25.05 W
2026/08/12 22:39:00.691, 26 %, 1618 MiB, 23.93 W
2026/08/12 22:39:01.693, 13 %, 1618 MiB, 23.74 W
2026/08/12 22:39:02.693, 2 %, 1618 MiB, 39.19 W
2026/08/12 22:39:03.694, 3 %, 1620 MiB, 43.92 W
2026/08/12 22:39:04.695, 2 %, 1620 MiB, 43.89 W
2026/08/12 22:39:05.697, 18 %, 1620 MiB, 31.64 W
2026/08/12 22:39:06.702, 21 %, 1620 MiB, 23.70 W
2026/08/12 22:39:07.707, 30 %, 1620 MiB, 23.72 W
2026/08/12 22:39:08.708, 6 %, 1620 MiB, 39.05 W
2026/08/12 22:39:09.709, 7 %, 1620 MiB, 44.28 W
2026/08/12 22:39:10.713, 2 %, 1630 MiB, 44.26 W
2026/08/12 22:39:11.715, 12 %, 1632 MiB, 31.72 W
2026/08/12 22:39:12.716, 18 %, 1631 MiB, 23.75 W
2026/08/12 22:39:13.716, 11 %, 1631 MiB, 23.85 W
2026/08/12 22:39:14.720, 49 %, 1631 MiB, 23.38 W
2026/08/12 22:39:15.721, 3 %, 1624 MiB, 39.41 W
2026/08/12 22:39:16.722, 3 %, 1625 MiB, 44.27 W
2026/08/12 22:39:17.724, 3 %, 1625 MiB, 44.00 W
2026/08/12 22:39:18.731, 11 %, 1625 MiB, 31.80 W
2026/08/12 22:39:19.731, 15 %, 1631 MiB, 23.67 W
2026/08/12 22:39:20.735, 37 %, 1635 MiB, 22.81 W
2026/08/12 22:39:21.743, 31 %, 1637 MiB, 22.76 W
2026/08/12 22:39:22.746, 44 %, 1637 MiB, 22.31 W
2026/08/12 22:39:23.747, 42 %, 1637 MiB, 22.69 W
2026/08/12 22:39:24.750, 39 %, 1508 MiB, 22.79 W
2026/08/12 22:39:25.753, 40 %, 1507 MiB, 23.12 W
2026/08/12 22:39:26.754, 40 %, 1507 MiB, 22.85 W
2026/08/12 22:39:27.755, 39 %, 1499 MiB, 22.35 W
2026/08/12 22:39:28.756, 40 %, 1499 MiB, 22.49 W
2026/08/12 22:39:29.758, 38 %, 1492 MiB, 22.53 W
2026/08/12 22:39:30.758, 39 %, 1492 MiB, 22.72 W
2026/08/12 22:39:31.759, 40 %, 1492 MiB, 22.43 W
2026/08/12 22:39:32.760, 37 %, 1492 MiB, 22.54 W
2026/08/12 22:39:33.761, 39 %, 1492 MiB, 22.24 W
2026/08/12 22:39:34.762, 39 %, 1490 MiB, 22.24 W
2026/08/12 22:39:35.764, 42 %, 1492 MiB, 22.44 W
2026/08/12 22:39:36.770, 7 %, 1494 MiB, 23.12 W
2026/08/12 22:39:37.779, 13 %, 1494 MiB, 22.03 W
2026/08/12 22:39:38.784, 34 %, 1494 MiB, 21.58 W
2026/08/12 22:39:39.793, 36 %, 1494 MiB, 21.85 W
2026/08/12 22:39:40.794, 33 %, 1494 MiB, 21.99 W
2026/08/12 22:39:41.795, 20 %, 1494 MiB, 22.56 W
2026/08/12 22:39:42.796, 21 %, 1493 MiB, 22.62 W
2026/08/12 22:39:43.819, 15 %, 1497 MiB, 22.69 W
2026/08/12 22:39:44.827, 13 %, 1497 MiB, 22.15 W
2026/08/12 22:39:45.836, 16 %, 1499 MiB, 21.20 W
2026/08/12 22:39:46.852, 13 %, 1499 MiB, 21.47 W
2026/08/12 22:39:47.855, 31 %, 1499 MiB, 21.57 W
2026/08/12 22:39:48.867, 30 %, 1494 MiB, 21.74 W
2026/08/12 22:39:49.879, 17 %, 1494 MiB, 21.64 W
2026/08/12 22:39:50.902, 29 %, 1494 MiB, 21.67 W
2026/08/12 22:39:51.917, 23 %, 1494 MiB, 21.86 W
2026/08/12 22:39:52.928, 30 %, 1494 MiB, 22.00 W
2026/08/12 22:39:53.934, 24 %, 1494 MiB, 22.03 W
2026/08/12 22:39:54.975, 29 %, 1501 MiB, 21.59 W
2026/08/12 22:39:56.002, 39 %, 1504 MiB, 21.57 W
2026/08/12 22:39:57.032, 21 %, 1504 MiB, 21.53 W
2026/08/12 22:39:58.045, 47 %, 1503 MiB, 21.87 W
2026/08/12 22:39:59.057, 36 %, 1507 MiB, 22.08 W
2026/08/12 22:40:00.081, 28 %, 1506 MiB, 21.83 W
2026/08/12 22:40:01.103, 27 %, 1504 MiB, 21.64 W
2026/08/12 22:40:02.130, 20 %, 1503 MiB, 21.27 W
2026/08/12 22:40:03.134, 20 %, 1503 MiB, 21.20 W
2026/08/12 22:40:04.152, 22 %, 1491 MiB, 21.60 W
2026/08/12 22:40:05.159, 22 %, 1490 MiB, 21.15 W
2026/08/12 22:40:06.166, 20 %, 1490 MiB, 21.57 W
2026/08/12 22:40:07.176, 23 %, 1490 MiB, 21.60 W
2026/08/12 22:40:08.181, 46 %, 1490 MiB, 21.77 W
2026/08/12 22:40:09.181, 35 %, 1490 MiB, 22.63 W
2026/08/12 22:40:10.187, 36 %, 1490 MiB, 22.59 W
2026/08/12 22:40:11.187, 39 %, 1490 MiB, 22.61 W
2026/08/12 22:40:12.189, 38 %, 1490 MiB, 22.58 W
2026/08/12 22:40:13.190, 38 %, 1489 MiB, 22.74 W
2026/08/12 22:40:14.195, 38 %, 1489 MiB, 22.76 W
2026/08/12 22:40:15.206, 41 %, 1499 MiB, 22.93 W
2026/08/12 22:40:16.210, 22 %, 1499 MiB, 21.99 W
2026/08/12 22:40:17.217, 27 %, 1499 MiB, 21.90 W
2026/08/12 22:40:18.225, 33 %, 1505 MiB, 22.19 W
2026/08/12 22:40:19.242, 11 %, 1502 MiB, 23.35 W
2026/08/12 22:40:20.253, 12 %, 1495 MiB, 22.08 W
2026/08/12 22:40:21.259, 39 %, 1495 MiB, 23.16 W
2026/08/12 22:40:22.261, 6 %, 1506 MiB, 44.19 W
2026/08/12 22:40:23.270, 2 %, 1509 MiB, 45.00 W
2026/08/12 22:40:24.294, 7 %, 1503 MiB, 44.87 W
2026/08/12 22:40:25.307, 4 %, 1507 MiB, 42.75 W
2026/08/12 22:40:26.316, 15 %, 1507 MiB, 24.67 W
2026/08/12 22:40:27.332, 21 %, 1507 MiB, 23.25 W
2026/08/12 22:40:28.350, 16 %, 1507 MiB, 23.12 W
2026/08/12 22:40:29.359, 36 %, 1507 MiB, 22.64 W
2026/08/12 22:40:30.372, 32 %, 1507 MiB, 22.26 W
2026/08/12 22:40:31.380, 32 %, 1507 MiB, 21.93 W
2026/08/12 22:40:32.397, 32 %, 1507 MiB, 21.96 W
2026/08/12 22:40:33.410, 33 %, 1507 MiB, 21.82 W
2026/08/12 22:40:34.424, 24 %, 1507 MiB, 21.90 W
2026/08/12 22:40:35.437, 29 %, 1507 MiB, 21.86 W
2026/08/12 22:40:36.443, 36 %, 1507 MiB, 21.99 W
2026/08/12 22:40:37.452, 29 %, 1507 MiB, 22.21 W
2026/08/12 22:40:38.464, 38 %, 1507 MiB, 22.12 W
2026/08/12 22:40:39.470, 25 %, 1507 MiB, 22.02 W
2026/08/12 22:40:40.475, 32 %, 1507 MiB, 21.94 W
2026/08/12 22:40:41.476, 29 %, 1483 MiB, 21.80 W
2026/08/12 22:40:42.482, 10 %, 1495 MiB, 38.58 W
2026/08/12 22:40:43.487, 3 %, 1489 MiB, 44.34 W
2026/08/12 22:40:44.488, 3 %, 1486 MiB, 44.55 W
2026/08/12 22:40:45.489, 13 %, 1486 MiB, 41.91 W
2026/08/12 22:40:46.490, 14 %, 1487 MiB, 23.69 W
2026/08/12 22:40:47.491, 14 %, 1487 MiB, 23.59 W
2026/08/12 22:40:48.491, 41 %, 1488 MiB, 22.99 W
2026/08/12 22:40:49.503, 31 %, 1583 MiB, 23.00 W
2026/08/12 22:40:50.506, 17 %, 1622 MiB, 35.35 W
2026/08/12 22:40:51.508, 13 %, 1622 MiB, 46.12 W
2026/08/12 22:40:52.512, 11 %, 1622 MiB, 46.02 W
2026/08/12 22:40:53.517, 11 %, 1621 MiB, 46.11 W
2026/08/12 22:40:54.519, 10 %, 1617 MiB, 46.19 W
2026/08/12 22:40:55.519, 8 %, 1617 MiB, 45.79 W
2026/08/12 22:40:56.521, 27 %, 1613 MiB, 43.35 W
2026/08/12 22:40:57.525, 21 %, 1610 MiB, 29.06 W
2026/08/12 22:40:58.527, 37 %, 1610 MiB, 27.48 W
2026/08/12 22:40:59.528, 42 %, 1610 MiB, 24.69 W
2026/08/12 22:41:00.534, 31 %, 1610 MiB, 24.70 W
2026/08/12 22:41:01.541, 30 %, 1610 MiB, 24.34 W
2026/08/12 22:41:02.544, 39 %, 1610 MiB, 24.12 W
2026/08/12 22:41:03.548, 43 %, 1610 MiB, 24.48 W
2026/08/12 22:41:04.550, 20 %, 1610 MiB, 30.28 W
2026/08/12 22:41:05.554, 42 %, 1610 MiB, 29.85 W
2026/08/12 22:41:06.556, 27 %, 1610 MiB, 24.42 W
2026/08/12 22:41:07.557, 39 %, 1610 MiB, 24.47 W
2026/08/12 22:41:08.558, 40 %, 1610 MiB, 24.61 W
2026/08/12 22:41:09.562, 30 %, 1610 MiB, 24.65 W
2026/08/12 22:41:10.568, 23 %, 1610 MiB, 25.67 W
2026/08/12 22:41:11.569, 23 %, 1610 MiB, 30.87 W
2026/08/12 22:41:12.578, 26 %, 1610 MiB, 28.35 W
2026/08/12 22:41:13.579, 46 %, 1610 MiB, 24.32 W
2026/08/12 22:41:14.581, 39 %, 1610 MiB, 24.53 W
2026/08/12 22:41:15.584, 32 %, 1610 MiB, 24.62 W
2026/08/12 22:41:16.586, 35 %, 1610 MiB, 24.30 W
2026/08/12 22:41:17.587, 29 %, 1610 MiB, 24.10 W
2026/08/12 22:41:18.588, 44 %, 1610 MiB, 24.31 W
2026/08/12 22:41:19.589, 20 %, 1610 MiB, 30.25 W
2026/08/12 22:41:20.591, 30 %, 1610 MiB, 29.95 W
2026/08/12 22:41:21.592, 29 %, 1610 MiB, 24.36 W
2026/08/12 22:41:22.593, 43 %, 1610 MiB, 24.51 W
2026/08/12 22:41:23.597, 27 %, 1610 MiB, 24.60 W
2026/08/12 22:41:24.599, 28 %, 1610 MiB, 24.24 W
2026/08/12 22:41:25.600, 39 %, 1610 MiB, 24.39 W
2026/08/12 22:41:26.601, 40 %, 1610 MiB, 24.35 W
2026/08/12 22:41:27.606, 21 %, 1610 MiB, 26.78 W
2026/08/12 22:41:28.611, 27 %, 1610 MiB, 31.02 W
2026/08/12 22:41:29.612, 41 %, 1610 MiB, 27.42 W
2026/08/12 22:41:30.616, 39 %, 1610 MiB, 24.57 W
2026/08/12 22:41:31.619, 24 %, 1610 MiB, 29.12 W
2026/08/12 22:41:32.620, 18 %, 1616 MiB, 30.88 W
2026/08/12 22:41:33.624, 40 %, 1619 MiB, 25.20 W
2026/08/12 22:41:34.625, 35 %, 1619 MiB, 24.63 W
2026/08/12 22:41:35.626, 34 %, 1621 MiB, 24.78 W
2026/08/12 22:41:36.631, 50 %, 1621 MiB, 24.47 W
2026/08/12 22:41:37.634, 36 %, 1614 MiB, 24.54 W
2026/08/12 22:41:38.635, 15 %, 1614 MiB, 22.99 W
2026/08/12 22:41:39.637, 19 %, 1619 MiB, 23.35 W
2026/08/12 22:41:40.638, 17 %, 1618 MiB, 23.57 W
2026/08/12 22:41:41.642, 12 %, 1624 MiB, 23.20 W
2026/08/12 22:41:42.646, 11 %, 1493 MiB, 23.49 W
2026/08/12 22:41:43.657, 35 %, 1493 MiB, 23.34 W
2026/08/12 22:41:44.658, 2 %, 1493 MiB, 31.23 W
2026/08/12 22:41:45.805, 3 %, 1489 MiB, 45.01 W
2026/08/12 22:41:46.866, 2 %, 1486 MiB, 44.92 W
2026/08/12 22:41:47.920, 2 %, 1485 MiB, 44.38 W
2026/08/12 22:41:48.995, 7 %, 1486 MiB, 33.35 W
2026/08/12 22:41:50.077, 10 %, 1483 MiB, 23.54 W
2026/08/12 22:41:51.161, 19 %, 1479 MiB, 26.50 W
2026/08/12 22:41:52.233, 2 %, 1479 MiB, 44.44 W
2026/08/12 22:41:53.308, 2 %, 1479 MiB, 44.69 W
2026/08/12 22:41:54.454, 6 %, 1488 MiB, 45.19 W
2026/08/12 22:41:55.575, 3 %, 1489 MiB, 40.88 W
2026/08/12 22:41:56.724, 12 %, 1494 MiB, 22.66 W
2026/08/12 22:41:57.847, 25 %, 1495 MiB, 22.53 W
2026/08/12 22:41:58.967, 35 %, 1490 MiB, 22.46 W
2026/08/12 22:42:00.051, 2 %, 1490 MiB, 29.10 W
2026/08/12 22:42:01.129, 3 %, 1490 MiB, 44.47 W
2026/08/12 22:42:02.197, 3 %, 1482 MiB, 44.61 W
2026/08/12 22:42:03.211, 11 %, 1480 MiB, 40.81 W
2026/08/12 22:42:04.216, 19 %, 1482 MiB, 23.78 W
2026/08/12 22:42:05.227, 16 %, 1482 MiB, 23.68 W
2026/08/12 22:42:06.228, 41 %, 1482 MiB, 23.32 W
2026/08/12 22:42:07.233, 44 %, 1477 MiB, 22.86 W
2026/08/12 22:42:08.235, 22 %, 1477 MiB, 22.79 W
2026/08/12 22:42:09.240, 14 %, 1476 MiB, 23.46 W
2026/08/12 22:42:10.245, 42 %, 1474 MiB, 23.47 W
2026/08/12 22:42:11.246, 34 %, 1474 MiB, 23.26 W
2026/08/12 22:42:12.247, 32 %, 1476 MiB, 24.24 W
2026/08/12 22:42:13.249, 15 %, 1476 MiB, 24.28 W
2026/08/12 22:42:14.257, 16 %, 1477 MiB, 24.35 W
2026/08/12 22:42:15.322, 5 %, 1474 MiB, 43.60 W
2026/08/12 22:42:16.386, 4 %, 1474 MiB, 45.16 W
2026/08/12 22:42:17.433, 2 %, 1474 MiB, 44.68 W
2026/08/12 22:42:18.535, 14 %, 1474 MiB, 40.95 W
2026/08/12 22:42:19.609, 19 %, 1474 MiB, 24.07 W
2026/08/12 22:42:20.668, 12 %, 1474 MiB, 23.32 W
2026/08/12 22:42:21.745, 19 %, 1474 MiB, 23.23 W
2026/08/12 22:42:22.821, 4 %, 1474 MiB, 30.07 W
2026/08/12 22:42:23.890, 11 %, 1474 MiB, 45.40 W
2026/08/12 22:42:24.960, 13 %, 1474 MiB, 45.72 W
2026/08/12 22:42:26.028, 14 %, 1474 MiB, 45.79 W
2026/08/12 22:42:27.091, 26 %, 1474 MiB, 34.69 W
2026/08/12 22:42:28.156, 35 %, 1474 MiB, 26.92 W
2026/08/12 22:42:29.216, 36 %, 1474 MiB, 24.73 W
2026/08/12 22:42:30.265, 39 %, 1474 MiB, 24.85 W
2026/08/12 22:42:31.337, 37 %, 1474 MiB, 24.68 W
2026/08/12 22:42:32.384, 37 %, 1474 MiB, 24.68 W
2026/08/12 22:42:33.406, 36 %, 1474 MiB, 24.61 W
2026/08/12 22:42:34.416, 35 %, 1474 MiB, 24.67 W
2026/08/12 22:42:35.418, 36 %, 1474 MiB, 24.68 W
2026/08/12 22:42:36.430, 40 %, 1474 MiB, 24.64 W
2026/08/12 22:42:37.439, 36 %, 1474 MiB, 24.79 W
2026/08/12 22:42:38.446, 15 %, 1474 MiB, 24.10 W
2026/08/12 22:42:39.450, 18 %, 1474 MiB, 22.37 W
2026/08/12 22:42:40.451, 18 %, 1474 MiB, 22.39 W
2026/08/12 22:42:41.452, 36 %, 1484 MiB, 23.27 W
2026/08/12 22:42:42.466, 19 %, 1479 MiB, 23.71 W
2026/08/12 22:42:43.474, 19 %, 1477 MiB, 23.46 W
2026/08/12 22:42:44.475, 40 %, 1477 MiB, 23.12 W
2026/08/12 22:42:45.476, 32 %, 1477 MiB, 22.75 W
2026/08/12 22:42:46.482, 30 %, 1472 MiB, 22.50 W
2026/08/12 22:42:47.586, 15 %, 1466 MiB, 22.20 W
2026/08/12 22:42:48.587, 43 %, 1467 MiB, 22.03 W
2026/08/12 22:42:49.589, 6 %, 1600 MiB, 31.29 W
2026/08/12 22:42:50.589, 11 %, 1600 MiB, 47.01 W
2026/08/12 22:42:51.591, 9 %, 1600 MiB, 47.17 W
2026/08/12 22:42:52.592, 5 %, 1600 MiB, 46.24 W
2026/08/12 22:42:53.593, 9 %, 1604 MiB, 46.68 W
2026/08/12 22:42:54.594, 10 %, 1609 MiB, 47.43 W
2026/08/12 22:42:55.595, 19 %, 1609 MiB, 44.08 W
2026/08/12 22:42:56.600, 38 %, 1609 MiB, 28.27 W
2026/08/12 22:42:57.601, 28 %, 1608 MiB, 23.87 W
2026/08/12 22:42:58.602, 35 %, 1608 MiB, 23.55 W
2026/08/12 22:42:59.603, 39 %, 1596 MiB, 24.08 W
2026/08/12 22:43:00.604, 44 %, 1596 MiB, 24.07 W
2026/08/12 22:43:01.609, 39 %, 1596 MiB, 24.08 W
2026/08/12 22:43:02.610, 35 %, 1598 MiB, 23.83 W
2026/08/12 22:43:03.611, 40 %, 1598 MiB, 23.53 W
2026/08/12 22:43:04.612, 42 %, 1598 MiB, 23.86 W
2026/08/12 22:43:05.613, 37 %, 1598 MiB, 23.53 W
2026/08/12 22:43:06.614, 26 %, 1598 MiB, 23.06 W
2026/08/12 22:43:07.615, 3 %, 1598 MiB, 27.07 W
2026/08/12 22:43:08.625, 7 %, 1598 MiB, 45.13 W
2026/08/12 22:43:09.625, 2 %, 1606 MiB, 45.01 W
2026/08/12 22:43:10.627, 19 %, 1606 MiB, 41.13 W
2026/08/12 22:43:11.628, 18 %, 1606 MiB, 23.47 W
2026/08/12 22:43:12.629, 19 %, 1605 MiB, 22.21 W
2026/08/12 22:43:13.634, 41 %, 1605 MiB, 22.30 W
2026/08/12 22:43:14.635, 44 %, 1605 MiB, 22.49 W
2026/08/12 22:43:15.636, 40 %, 1474 MiB, 22.32 W
2026/08/12 22:43:16.637, 45 %, 1478 MiB, 22.56 W
2026/08/12 22:43:17.638, 35 %, 1478 MiB, 22.30 W
2026/08/12 22:43:18.638, 35 %, 1477 MiB, 22.09 W
2026/08/12 22:43:19.640, 32 %, 1477 MiB, 22.04 W
2026/08/12 22:43:20.642, 16 %, 1476 MiB, 21.93 W
2026/08/12 22:43:21.646, 39 %, 1469 MiB, 22.25 W
2026/08/12 22:43:22.646, 24 %, 1469 MiB, 22.36 W
2026/08/12 22:43:23.649, 25 %, 1471 MiB, 22.11 W
2026/08/12 22:43:24.651, 43 %, 1471 MiB, 22.18 W
2026/08/12 22:43:25.652, 1 %, 1471 MiB, 33.13 W
2026/08/12 22:43:26.656, 2 %, 1473 MiB, 43.28 W
2026/08/12 22:43:27.659, 2 %, 1479 MiB, 43.15 W
2026/08/12 22:43:28.666, 2 %, 1479 MiB, 43.13 W
2026/08/12 22:43:29.667, 17 %, 1477 MiB, 31.09 W
2026/08/12 22:43:30.670, 9 %, 1477 MiB, 23.32 W
2026/08/12 22:43:31.673, 14 %, 1477 MiB, 23.10 W
2026/08/12 22:43:32.674, 28 %, 1476 MiB, 22.53 W
2026/08/12 22:43:33.675, 8 %, 1476 MiB, 22.20 W
2026/08/12 22:43:34.676, 34 %, 1477 MiB, 22.14 W
2026/08/12 22:43:35.677, 36 %, 1466 MiB, 21.63 W
2026/08/12 22:43:36.683, 37 %, 1465 MiB, 21.58 W
2026/08/12 22:43:37.684, 9 %, 1586 MiB, 39.10 W
2026/08/12 22:43:38.688, 2 %, 1587 MiB, 43.12 W
2026/08/12 22:43:39.690, 2 %, 1553 MiB, 43.03 W
2026/08/12 22:43:40.691, 19 %, 1553 MiB, 31.58 W
2026/08/12 22:43:41.691, 43 %, 1565 MiB, 23.68 W
2026/08/12 22:43:42.701, 20 %, 1570 MiB, 23.14 W
2026/08/12 22:43:43.702, 42 %, 1565 MiB, 22.41 W
2026/08/12 22:43:44.703, 41 %, 1565 MiB, 22.38 W
2026/08/12 22:43:45.704, 39 %, 1560 MiB, 22.28 W
2026/08/12 22:43:46.705, 2 %, 1561 MiB, 36.61 W
2026/08/12 22:43:47.706, 2 %, 1561 MiB, 43.25 W
2026/08/12 22:43:48.707, 1 %, 1561 MiB, 43.19 W
2026/08/12 22:43:49.712, 23 %, 1546 MiB, 31.50 W
2026/08/12 22:43:50.713, 11 %, 1555 MiB, 23.62 W
2026/08/12 22:43:51.714, 32 %, 1551 MiB, 23.56 W
2026/08/12 22:43:52.718, 38 %, 1551 MiB, 23.37 W
2026/08/12 22:43:53.729, 7 %, 1542 MiB, 33.76 W
2026/08/12 22:43:54.730, 7 %, 1542 MiB, 43.67 W
2026/08/12 22:43:55.731, 7 %, 1537 MiB, 43.74 W
2026/08/12 22:43:56.731, 2 %, 1539 MiB, 43.41 W
2026/08/12 22:43:57.744, 6 %, 1539 MiB, 31.33 W
2026/08/12 22:43:58.756, 17 %, 1545 MiB, 23.52 W
2026/08/12 22:43:59.760, 12 %, 1545 MiB, 23.54 W
2026/08/12 22:44:00.761, 26 %, 1541 MiB, 23.30 W
2026/08/12 22:44:01.762, 2 %, 1541 MiB, 26.75 W
2026/08/12 22:44:02.763, 1 %, 1541 MiB, 43.24 W
2026/08/12 22:44:03.764, 2 %, 1541 MiB, 43.43 W
2026/08/12 22:44:04.766, 9 %, 1541 MiB, 44.10 W
2026/08/12 22:44:05.770, 17 %, 1541 MiB, 31.74 W
2026/08/12 22:44:06.775, 8 %, 1539 MiB, 23.48 W
2026/08/12 22:44:07.776, 15 %, 1538 MiB, 23.36 W
2026/08/12 22:44:08.778, 40 %, 1538 MiB, 22.94 W
2026/08/12 22:44:09.778, 39 %, 1538 MiB, 22.59 W
2026/08/12 22:44:10.787, 31 %, 1536 MiB, 22.57 W
2026/08/12 22:44:11.789, 41 %, 1536 MiB, 22.67 W
2026/08/12 22:44:12.790, 42 %, 1536 MiB, 22.35 W
2026/08/12 22:44:13.791, 14 %, 1534 MiB, 22.26 W
2026/08/12 22:44:14.792, 16 %, 1534 MiB, 21.63 W
2026/08/12 22:44:15.793, 39 %, 1530 MiB, 21.82 W
2026/08/12 22:44:16.794, 39 %, 1530 MiB, 21.84 W
2026/08/12 22:44:17.795, 48 %, 1530 MiB, 21.96 W
2026/08/12 22:44:18.800, 38 %, 1530 MiB, 22.01 W
2026/08/12 22:44:19.801, 38 %, 1530 MiB, 21.98 W
2026/08/12 22:44:20.802, 38 %, 1530 MiB, 21.91 W
2026/08/12 22:44:21.803, 33 %, 1530 MiB, 21.92 W
2026/08/12 22:44:22.804, 7 %, 1530 MiB, 21.14 W
2026/08/12 22:44:23.809, 2 %, 1662 MiB, 29.28 W
2026/08/12 22:44:24.814, 3 %, 1662 MiB, 42.77 W
2026/08/12 22:44:25.816, 8 %, 1662 MiB, 43.78 W
2026/08/12 22:44:26.820, 10 %, 1662 MiB, 44.43 W
2026/08/12 22:44:27.821, 13 %, 1662 MiB, 45.15 W
2026/08/12 22:44:28.822, 11 %, 1662 MiB, 45.06 W
2026/08/12 22:44:29.827, 3 %, 1662 MiB, 44.03 W
2026/08/12 22:44:30.829, 31 %, 1662 MiB, 32.46 W
2026/08/12 22:44:31.834, 30 %, 1662 MiB, 24.34 W
2026/08/12 22:44:32.835, 34 %, 1662 MiB, 24.13 W
2026/08/12 22:44:33.835, 31 %, 1662 MiB, 24.01 W
2026/08/12 22:44:34.836, 25 %, 1662 MiB, 23.68 W
2026/08/12 22:44:35.837, 10 %, 1662 MiB, 36.61 W
2026/08/12 22:44:36.839, 9 %, 1662 MiB, 44.48 W
2026/08/12 22:44:37.844, 10 %, 1662 MiB, 44.57 W
2026/08/12 22:44:38.845, 34 %, 1662 MiB, 34.00 W
2026/08/12 22:44:39.850, 30 %, 1662 MiB, 23.60 W
2026/08/12 22:44:40.851, 36 %, 1662 MiB, 23.36 W
2026/08/12 22:44:41.853, 33 %, 1662 MiB, 23.37 W
2026/08/12 22:44:42.853, 33 %, 1662 MiB, 23.16 W
2026/08/12 22:44:43.859, 30 %, 1662 MiB, 23.06 W
2026/08/12 22:44:44.859, 85 %, 1666 MiB, 23.36 W
2026/08/12 22:44:45.861, 29 %, 1673 MiB, 23.00 W
2026/08/12 22:44:46.862, 36 %, 1673 MiB, 23.28 W
2026/08/12 22:44:47.863, 18 %, 1674 MiB, 22.96 W
2026/08/12 22:44:48.864, 18 %, 1673 MiB, 22.46 W
2026/08/12 22:44:49.865, 40 %, 1673 MiB, 22.20 W
2026/08/12 22:44:50.866, 23 %, 1669 MiB, 22.08 W
2026/08/12 22:44:51.867, 18 %, 1663 MiB, 22.33 W
2026/08/12 22:44:52.868, 41 %, 1660 MiB, 22.11 W
2026/08/12 22:44:53.869, 42 %, 1660 MiB, 21.85 W
2026/08/12 22:44:54.870, 42 %, 1660 MiB, 21.83 W
2026/08/12 22:44:55.871, 40 %, 1660 MiB, 21.77 W
2026/08/12 22:44:56.876, 38 %, 1528 MiB, 21.37 W
2026/08/12 22:44:57.877, 37 %, 1528 MiB, 21.10 W
2026/08/12 22:44:58.877, 38 %, 1528 MiB, 21.07 W
2026/08/12 22:44:59.879, 37 %, 1528 MiB, 21.08 W
2026/08/12 22:45:00.880, 38 %, 1528 MiB, 21.10 W
2026/08/12 22:45:01.885, 40 %, 1528 MiB, 21.01 W
2026/08/12 22:45:02.886, 35 %, 1530 MiB, 20.80 W
2026/08/12 22:45:03.887, 37 %, 1530 MiB, 21.20 W
2026/08/12 22:45:04.888, 37 %, 1530 MiB, 21.08 W
2026/08/12 22:45:05.889, 16 %, 1530 MiB, 21.02 W
2026/08/12 22:45:06.890, 16 %, 1530 MiB, 20.76 W
2026/08/12 22:45:07.891, 39 %, 1529 MiB, 20.91 W
2026/08/12 22:45:08.892, 39 %, 1529 MiB, 21.02 W
2026/08/12 22:45:09.893, 39 %, 1527 MiB, 21.11 W
2026/08/12 22:45:10.894, 38 %, 1527 MiB, 20.88 W
2026/08/12 22:45:11.895, 39 %, 1533 MiB, 21.11 W
2026/08/12 22:45:12.896, 38 %, 1534 MiB, 21.12 W
2026/08/12 22:45:13.897, 23 %, 1534 MiB, 20.48 W
2026/08/12 22:45:14.898, 23 %, 1534 MiB, 20.11 W
2026/08/12 22:45:15.901, 18 %, 1537 MiB, 20.18 W
2026/08/12 22:45:16.903, 22 %, 1532 MiB, 21.23 W
2026/08/12 22:45:17.905, 17 %, 1532 MiB, 20.49 W
2026/08/12 22:45:18.920, 18 %, 1532 MiB, 20.37 W
2026/08/12 22:45:19.921, 18 %, 1532 MiB, 21.12 W
2026/08/12 22:45:20.929, 16 %, 1532 MiB, 20.46 W
2026/08/12 22:45:21.931, 60 %, 1532 MiB, 21.04 W
2026/08/12 22:45:22.931, 10 %, 1532 MiB, 21.39 W
2026/08/12 22:45:23.936, 9 %, 1532 MiB, 21.04 W
2026/08/12 22:45:24.937, 39 %, 1533 MiB, 20.59 W
2026/08/12 22:45:25.938, 38 %, 1533 MiB, 21.16 W
2026/08/12 22:45:26.939, 40 %, 1533 MiB, 21.05 W
2026/08/12 22:45:27.940, 38 %, 1533 MiB, 21.16 W
2026/08/12 22:45:28.942, 39 %, 1529 MiB, 21.11 W
2026/08/12 22:45:29.942, 39 %, 1527 MiB, 21.12 W
2026/08/12 22:45:30.943, 39 %, 1527 MiB, 21.20 W
2026/08/12 22:45:31.944, 38 %, 1527 MiB, 21.22 W
2026/08/12 22:45:32.945, 40 %, 1527 MiB, 21.05 W
2026/08/12 22:45:33.946, 39 %, 1527 MiB, 21.11 W
2026/08/12 22:45:34.948, 41 %, 1527 MiB, 21.20 W
2026/08/12 22:45:35.949, 40 %, 1529 MiB, 21.01 W
2026/08/12 22:45:36.949, 14 %, 1658 MiB, 33.27 W
2026/08/12 22:45:37.950, 12 %, 1659 MiB, 44.96 W
2026/08/12 22:45:38.951, 10 %, 1659 MiB, 44.16 W
2026/08/12 22:45:39.952, 11 %, 1659 MiB, 44.64 W
2026/08/12 22:45:40.953, 10 %, 1659 MiB, 44.32 W
2026/08/12 22:45:41.954, 12 %, 1660 MiB, 44.37 W
2026/08/12 22:45:42.957, 9 %, 1660 MiB, 44.16 W
2026/08/12 22:45:43.961, 38 %, 1660 MiB, 30.67 W
2026/08/12 22:45:44.962, 37 %, 1660 MiB, 23.72 W
2026/08/12 22:45:45.963, 39 %, 1660 MiB, 23.69 W
2026/08/12 22:45:46.964, 20 %, 1660 MiB, 27.72 W
2026/08/12 22:45:47.965, 8 %, 1660 MiB, 29.38 W
2026/08/12 22:45:48.966, 20 %, 1660 MiB, 22.70 W
2026/08/12 22:45:49.967, 41 %, 1531 MiB, 21.36 W
2026/08/12 22:45:50.970, 40 %, 1531 MiB, 21.47 W
2026/08/12 22:45:51.973, 41 %, 1624 MiB, 21.40 W
2026/08/12 22:45:52.974, 14 %, 1660 MiB, 36.24 W
2026/08/12 22:45:53.975, 12 %, 1660 MiB, 45.11 W
2026/08/12 22:45:54.976, 12 %, 1660 MiB, 44.98 W
2026/08/12 22:45:55.977, 9 %, 1660 MiB, 44.66 W
2026/08/12 22:45:56.978, 10 %, 1660 MiB, 44.47 W
2026/08/12 22:45:57.979, 10 %, 1660 MiB, 44.76 W
2026/08/12 22:45:58.980, 10 %, 1664 MiB, 44.66 W
2026/08/12 22:45:59.981, 39 %, 1668 MiB, 32.51 W
2026/08/12 22:46:00.982, 18 %, 1672 MiB, 25.73 W
2026/08/12 22:46:01.984, 25 %, 1671 MiB, 30.21 W
2026/08/12 22:46:02.985, 18 %, 1671 MiB, 25.70 W
2026/08/12 22:46:03.987, 21 %, 1670 MiB, 21.54 W
2026/08/12 22:46:04.990, 35 %, 1670 MiB, 21.62 W
2026/08/12 22:46:05.993, 24 %, 1537 MiB, 21.69 W
2026/08/12 22:46:06.993, 3 %, 1536 MiB, 41.28 W
2026/08/12 22:46:07.998, 3 %, 1537 MiB, 43.28 W
2026/08/12 22:46:09.000, 2 %, 1538 MiB, 43.04 W
2026/08/12 22:46:10.001, 10 %, 1538 MiB, 29.94 W
2026/08/12 22:46:11.006, 18 %, 1538 MiB, 22.39 W
2026/08/12 22:46:12.009, 24 %, 1538 MiB, 22.28 W
2026/08/12 22:46:13.013, 38 %, 1539 MiB, 21.87 W
2026/08/12 22:46:14.017, 38 %, 1536 MiB, 21.75 W
2026/08/12 22:46:15.018, 2 %, 1551 MiB, 29.81 W
2026/08/12 22:46:16.021, 2 %, 1551 MiB, 43.00 W
2026/08/12 22:46:17.024, 1 %, 1562 MiB, 42.44 W
2026/08/12 22:46:18.028, 2 %, 1562 MiB, 42.27 W
2026/08/12 22:46:19.029, 8 %, 1557 MiB, 29.44 W
2026/08/12 22:46:20.032, 19 %, 1550 MiB, 21.47 W
2026/08/12 22:46:21.040, 21 %, 1553 MiB, 20.99 W
2026/08/12 22:46:22.043, 19 %, 1540 MiB, 20.27 W
2026/08/12 22:46:23.047, 18 %, 1540 MiB, 20.03 W
2026/08/12 22:46:24.047, 24 %, 1540 MiB, 20.33 W
2026/08/12 22:46:25.050, 35 %, 1542 MiB, 20.64 W
2026/08/12 22:46:26.051, 32 %, 1541 MiB, 20.81 W
2026/08/12 22:46:27.054, 35 %, 1540 MiB, 20.82 W
2026/08/12 22:46:28.055, 25 %, 1538 MiB, 20.91 W
2026/08/12 22:46:29.058, 26 %, 1538 MiB, 20.53 W
2026/08/12 22:46:30.062, 28 %, 1537 MiB, 20.58 W
2026/08/12 22:46:31.064, 18 %, 1547 MiB, 20.57 W
2026/08/12 22:46:32.068, 36 %, 1547 MiB, 20.80 W
2026/08/12 22:46:33.070, 32 %, 1547 MiB, 20.90 W
2026/08/12 22:46:34.071, 32 %, 1547 MiB, 20.88 W
2026/08/12 22:46:35.077, 34 %, 1550 MiB, 21.02 W
2026/08/12 22:46:36.083, 34 %, 1545 MiB, 21.09 W
2026/08/12 22:46:37.086, 32 %, 1545 MiB, 21.28 W
2026/08/12 22:46:38.088, 33 %, 1545 MiB, 21.16 W
2026/08/12 22:46:39.088, 34 %, 1545 MiB, 21.16 W
2026/08/12 22:46:40.093, 36 %, 1545 MiB, 20.83 W
2026/08/12 22:46:41.096, 33 %, 1545 MiB, 21.03 W
2026/08/12 22:46:42.098, 28 %, 1545 MiB, 20.89 W
2026/08/12 22:46:43.100, 35 %, 1545 MiB, 21.09 W
2026/08/12 22:46:44.101, 34 %, 1545 MiB, 21.18 W
2026/08/12 22:46:45.103, 32 %, 1545 MiB, 21.15 W
2026/08/12 22:46:46.109, 34 %, 1545 MiB, 21.01 W
2026/08/12 22:46:47.121, 34 %, 1545 MiB, 20.98 W
2026/08/12 22:46:48.123, 32 %, 1545 MiB, 21.14 W
2026/08/12 22:46:49.144, 33 %, 1545 MiB, 21.09 W
2026/08/12 22:46:50.154, 37 %, 1557 MiB, 21.07 W
2026/08/12 22:46:51.178, 38 %, 1557 MiB, 21.16 W
2026/08/12 22:46:52.212, 37 %, 1556 MiB, 21.28 W
2026/08/12 22:46:53.223, 36 %, 1556 MiB, 21.34 W
2026/08/12 22:46:54.229, 33 %, 1556 MiB, 21.29 W
2026/08/12 22:46:55.230, 34 %, 1542 MiB, 21.06 W
2026/08/12 22:46:56.231, 43 %, 1546 MiB, 21.45 W
2026/08/12 22:46:57.272, 34 %, 1546 MiB, 21.52 W
2026/08/12 22:46:58.293, 35 %, 1546 MiB, 21.39 W
2026/08/12 22:46:59.325, 33 %, 1546 MiB, 21.44 W
2026/08/12 22:47:00.346, 36 %, 1546 MiB, 21.41 W
2026/08/12 22:47:01.383, 37 %, 1542 MiB, 21.38 W
2026/08/12 22:47:02.419, 37 %, 1542 MiB, 21.53 W
2026/08/12 22:47:03.481, 40 %, 1557 MiB, 21.60 W
2026/08/12 22:47:04.491, 17 %, 1557 MiB, 21.24 W
2026/08/12 22:47:05.497, 22 %, 1557 MiB, 20.65 W
2026/08/12 22:47:06.505, 36 %, 1557 MiB, 20.74 W
2026/08/12 22:47:07.510, 33 %, 1557 MiB, 21.07 W
2026/08/12 22:47:08.514, 32 %, 1545 MiB, 21.10 W
2026/08/12 22:47:09.517, 30 %, 1545 MiB, 21.03 W
2026/08/12 22:47:10.521, 38 %, 1541 MiB, 21.17 W
2026/08/12 22:47:11.521, 40 %, 1544 MiB, 21.49 W
2026/08/12 22:47:12.522, 36 %, 1544 MiB, 21.81 W
2026/08/12 22:47:13.524, 27 %, 1544 MiB, 21.73 W
2026/08/12 22:47:14.536, 3 %, 1544 MiB, 31.68 W
2026/08/12 22:47:15.564, 3 %, 1544 MiB, 42.69 W
2026/08/12 22:47:16.575, 2 %, 1544 MiB, 42.67 W
2026/08/12 22:47:17.580, 9 %, 1544 MiB, 39.44 W
2026/08/12 22:47:18.587, 9 %, 1544 MiB, 22.64 W
2026/08/12 22:47:19.595, 13 %, 1544 MiB, 22.55 W
2026/08/12 22:47:20.596, 30 %, 1544 MiB, 22.25 W
2026/08/12 22:47:21.603, 24 %, 1544 MiB, 21.96 W
2026/08/12 22:47:22.614, 25 %, 1544 MiB, 21.90 W
2026/08/12 22:47:23.615, 28 %, 1544 MiB, 21.94 W
2026/08/12 22:47:24.617, 2 %, 1544 MiB, 24.36 W
2026/08/12 22:47:25.618, 3 %, 1544 MiB, 42.93 W
2026/08/12 22:47:26.620, 3 %, 1545 MiB, 43.05 W
2026/08/12 22:47:27.621, 3 %, 1545 MiB, 43.12 W
2026/08/12 22:47:28.622, 6 %, 1545 MiB, 39.89 W
2026/08/12 22:47:29.632, 12 %, 1545 MiB, 22.25 W
2026/08/12 22:47:30.636, 16 %, 1545 MiB, 21.23 W
2026/08/12 22:47:31.643, 32 %, 1541 MiB, 21.24 W
2026/08/12 22:47:32.648, 32 %, 1541 MiB, 21.11 W
2026/08/12 22:47:33.653, 27 %, 1541 MiB, 21.09 W
2026/08/12 22:47:34.659, 34 %, 1541 MiB, 21.13 W
2026/08/12 22:47:35.662, 30 %, 1541 MiB, 21.15 W
2026/08/12 22:47:36.663, 17 %, 1541 MiB, 20.92 W
2026/08/12 22:47:37.670, 30 %, 1541 MiB, 21.03 W
2026/08/12 22:47:38.678, 24 %, 1541 MiB, 20.88 W
2026/08/12 22:47:39.678, 36 %, 1541 MiB, 20.82 W
2026/08/12 22:47:40.683, 30 %, 1541 MiB, 20.86 W
2026/08/12 22:47:41.684, 31 %, 1541 MiB, 20.79 W
2026/08/12 22:47:42.686, 26 %, 1541 MiB, 20.98 W
2026/08/12 22:47:43.692, 32 %, 1545 MiB, 20.98 W
2026/08/12 22:47:44.695, 30 %, 1545 MiB, 21.01 W
2026/08/12 22:47:45.696, 33 %, 1545 MiB, 20.95 W
2026/08/12 22:47:46.699, 30 %, 1545 MiB, 20.86 W
2026/08/12 22:47:47.704, 30 %, 1545 MiB, 21.06 W
2026/08/12 22:47:48.708, 28 %, 1540 MiB, 21.07 W
2026/08/12 22:47:49.711, 27 %, 1540 MiB, 20.75 W
2026/08/12 22:47:50.716, 29 %, 1540 MiB, 20.89 W
2026/08/12 22:47:51.719, 39 %, 1540 MiB, 21.10 W
2026/08/12 22:47:52.720, 33 %, 1540 MiB, 20.92 W
2026/08/12 22:47:53.723, 31 %, 1540 MiB, 20.84 W
2026/08/12 22:47:54.729, 33 %, 1540 MiB, 20.84 W
2026/08/12 22:47:55.732, 34 %, 1540 MiB, 21.03 W
2026/08/12 22:47:56.738, 33 %, 1540 MiB, 21.06 W
2026/08/12 22:47:57.742, 31 %, 1540 MiB, 20.97 W
2026/08/12 22:47:58.746, 31 %, 1540 MiB, 20.83 W
2026/08/12 22:47:59.748, 31 %, 1540 MiB, 20.85 W
2026/08/12 22:48:00.750, 33 %, 1540 MiB, 21.07 W
2026/08/12 22:48:01.755, 38 %, 1540 MiB, 21.24 W
2026/08/12 22:48:02.758, 31 %, 1540 MiB, 21.35 W
2026/08/12 22:48:03.763, 33 %, 1545 MiB, 21.08 W
2026/08/12 22:48:04.766, 36 %, 1547 MiB, 21.22 W
2026/08/12 22:48:05.767, 26 %, 1547 MiB, 21.14 W
2026/08/12 22:48:06.768, 34 %, 1547 MiB, 20.96 W
2026/08/12 22:48:07.769, 29 %, 1547 MiB, 21.23 W
2026/08/12 22:48:08.770, 26 %, 1540 MiB, 21.02 W
2026/08/12 22:48:09.780, 31 %, 1537 MiB, 20.76 W
2026/08/12 22:48:10.785, 34 %, 1537 MiB, 21.19 W
2026/08/12 22:48:11.786, 29 %, 1537 MiB, 21.17 W
2026/08/12 22:48:12.787, 27 %, 1537 MiB, 20.91 W
2026/08/12 22:48:13.788, 29 %, 1537 MiB, 20.86 W
2026/08/12 22:48:14.792, 33 %, 1537 MiB, 20.88 W
2026/08/12 22:48:15.793, 32 %, 1537 MiB, 20.81 W
2026/08/12 22:48:16.795, 23 %, 1537 MiB, 20.79 W
2026/08/12 22:48:17.798, 33 %, 1540 MiB, 21.05 W
2026/08/12 22:48:18.798, 32 %, 1540 MiB, 21.34 W
2026/08/12 22:48:19.799, 36 %, 1540 MiB, 21.44 W
2026/08/12 22:48:20.802, 36 %, 1540 MiB, 21.57 W
2026/08/12 22:48:21.804, 45 %, 1540 MiB, 21.30 W
2026/08/12 22:48:22.805, 27 %, 1540 MiB, 21.74 W
2026/08/12 22:48:23.806, 36 %, 1540 MiB, 21.55 W
2026/08/12 22:48:24.807, 34 %, 1540 MiB, 21.63 W
2026/08/12 22:48:25.808, 38 %, 1540 MiB, 21.42 W
2026/08/12 22:48:26.813, 38 %, 1540 MiB, 21.29 W
2026/08/12 22:48:27.814, 33 %, 1540 MiB, 21.56 W
2026/08/12 22:48:28.815, 44 %, 1540 MiB, 21.79 W
2026/08/12 22:48:29.817, 29 %, 1540 MiB, 21.77 W
2026/08/12 22:48:30.821, 34 %, 1540 MiB, 21.75 W
2026/08/12 22:48:31.822, 38 %, 1540 MiB, 21.42 W
2026/08/12 22:48:32.823, 38 %, 1540 MiB, 21.22 W
2026/08/12 22:48:33.824, 38 %, 1541 MiB, 21.17 W
2026/08/12 22:48:34.825, 39 %, 1541 MiB, 21.28 W
2026/08/12 22:48:35.828, 3 %, 1541 MiB, 23.12 W
2026/08/12 22:48:36.829, 2 %, 1541 MiB, 42.21 W
2026/08/12 22:48:37.830, 2 %, 1541 MiB, 42.37 W
2026/08/12 22:48:38.833, 2 %, 1541 MiB, 42.40 W
2026/08/12 22:48:39.836, 7 %, 1540 MiB, 31.02 W
2026/08/12 22:48:40.841, 15 %, 1537 MiB, 22.31 W
2026/08/12 22:48:41.850, 19 %, 1537 MiB, 22.18 W
2026/08/12 22:48:42.854, 29 %, 1537 MiB, 21.69 W
2026/08/12 22:48:43.855, 36 %, 1537 MiB, 21.55 W
2026/08/12 22:48:44.856, 35 %, 1537 MiB, 21.67 W
2026/08/12 22:48:45.857, 26 %, 1537 MiB, 21.39 W
2026/08/12 22:48:46.859, 25 %, 1537 MiB, 21.25 W
2026/08/12 22:48:47.861, 32 %, 1537 MiB, 21.27 W
2026/08/12 22:48:48.864, 32 %, 1537 MiB, 21.28 W
2026/08/12 22:48:49.866, 29 %, 1537 MiB, 21.23 W
2026/08/12 22:48:50.867, 30 %, 1537 MiB, 21.27 W
2026/08/12 22:48:51.874, 28 %, 1537 MiB, 21.19 W
2026/08/12 22:48:52.876, 28 %, 1537 MiB, 21.12 W
2026/08/12 22:48:53.877, 30 %, 1537 MiB, 21.32 W
2026/08/12 22:48:54.881, 28 %, 1537 MiB, 21.40 W
2026/08/12 22:48:55.884, 32 %, 1537 MiB, 21.26 W
2026/08/12 22:48:56.885, 26 %, 1537 MiB, 21.43 W
2026/08/12 22:48:57.886, 29 %, 1537 MiB, 21.47 W
2026/08/12 22:48:58.887, 30 %, 1537 MiB, 21.54 W
2026/08/12 22:48:59.888, 30 %, 1537 MiB, 21.46 W
2026/08/12 22:49:00.893, 29 %, 1537 MiB, 21.53 W
2026/08/12 22:49:01.895, 25 %, 1537 MiB, 21.57 W
2026/08/12 22:49:02.896, 28 %, 1537 MiB, 21.35 W
2026/08/12 22:49:03.900, 20 %, 1537 MiB, 21.26 W
2026/08/12 22:49:04.902, 33 %, 1537 MiB, 21.38 W
2026/08/12 22:49:05.907, 29 %, 1537 MiB, 21.49 W
2026/08/12 22:49:06.909, 30 %, 1537 MiB, 21.39 W
2026/08/12 22:49:07.915, 29 %, 1537 MiB, 21.53 W
2026/08/12 22:49:08.918, 24 %, 1537 MiB, 21.25 W
2026/08/12 22:49:09.919, 29 %, 1537 MiB, 21.43 W
2026/08/12 22:49:10.920, 29 %, 1537 MiB, 21.49 W
2026/08/12 22:49:11.920, 26 %, 1537 MiB, 21.42 W
2026/08/12 22:49:12.921, 30 %, 1537 MiB, 21.30 W
2026/08/12 22:49:13.924, 25 %, 1537 MiB, 21.30 W
2026/08/12 22:49:14.926, 31 %, 1537 MiB, 21.32 W
2026/08/12 22:49:15.929, 30 %, 1537 MiB, 21.49 W
2026/08/12 22:49:16.939, 36 %, 1537 MiB, 21.58 W
2026/08/12 22:49:17.940, 34 %, 1537 MiB, 21.53 W
